Date,Open,High,Low,Close,Adj Close,Volume,Stock,Y_Up,Y_Down,take_profit,take_action,PnL,Predicted_Next_Date,Sma7D,Sma20D,Sma50D,Sma100D,SmaV7D,SmaV20D,Ema7D,Ema20D,EmaV7D,EmaV20D,Chng1D,ChngV1D,PChng1D,PChngV1D,Chng2D,ChngV2D,Chng3D,ChngV3D,Chng4D,ChngV4D,Chng5D,ChngV5D,Close_NextDay,Direction_NextDay,RSI,RSI_1D,RSI_2D,Day_of_Wk,Is_PChng1D_Up,Is_PChngV1D_Up,Is_Chng2D_Up,Is_ChngV2D_Up,Is_Chng3D_Up,Is_ChngV3D_Up,Is_Chng4D_Up,Is_ChngV4D_Up,Is_Chng5D_Up,Is_ChngV5D_Up,Is_RSI_1Up,Is_RSI_2Up,Is_Sma7D_Up,Is_Sma20D_Up,Is_Sma50D_Up,Is_Sma100D_Up,Is_SmaV7D_Up,Is_SmaV20D_Up,Is_Ema7D_Up,Is_Ema20D_Up,Is_EmaV7D_Up,Is_EmaV20D_Up,Is_Directn_ND_Up,Max15D,Min15D,Close_15DScaled,Max52Wk,Min52Wk,Close_52WScaled,Max7D,Min7D,Close_7DScaled,Max7DFwd,Min7DFwd,is_consolidating,is_breaking_out_up,is_breaking_out_down,Vol_Ratio_20D_f,Vol_Ratio_7D_f,20sma,stddev,lower_band,upper_band,TR,ATR,lower_keltner,upper_keltner,lower_diff_KB,upper_diff_KB,squeeze_on,Is_Csqueeze_on,is_squeeze_on,is_squeeze_out,Predicted_Change_Pct,Predicted_SL_Pct,RSI_close_f,OBV_volume_f,ATR_close_f,HT_DCPERIOD_close_f,HT_DCPHASE_close_f,CDL2CROWS_f,CDL3BLACKCROWS_f,CDL3INSIDE_f,CDL3LINESTRIKE_f,CDL3OUTSIDE_f,CDL3STARSINSOUTH_f,CDL3WHITESOLDIERS_f,CDLABANDONEDBABY_f,CDLADVANCEBLOCK_f,CDLBELTHOLD_f,CDLBREAKAWAY_f,CDLCLOSINGMARUBOZU_f,CDLCONCEALBABYSWALL_f,CDLCOUNTERATTACK_f,CDLDARKCLOUDCOVER_f,CDLDOJI_f,CDLDOJISTAR_f,CDLDRAGONFLYDOJI_f,CDLENGULFING_f,CDLEVENINGDOJISTAR_f,CDLEVENINGSTAR_f,CDLGAPSIDESIDEWHITE_f,CDLGRAVESTONEDOJI_f,CDLHAMMER_f,CDLHANGINGMAN_f,CDLHARAMI_f,CDLHARAMICROSS_f,CDLHIGHWAVE_f,CDLHIKKAKE_f,CDLHIKKAKEMOD_f,CDLHOMINGPIGEON_f,CDLIDENTICAL3CROWS_f,CDLINNECK_f,CDLINVERTEDHAMMER_f,CDLKICKING_f,CDLKICKINGBYLENGTH_f,CDLLADDERBOTTOM_f,CDLLONGLEGGEDDOJI_f,CDLLONGLINE_f,CDLMARUBOZU_f,CDLMATCHINGLOW_f,CDLMATHOLD_f,CDLMORNINGDOJISTAR_f,CDLMORNINGSTAR_f,CDLONNECK_f,CDLPIERCING_f,CDLRICKSHAWMAN_f,CDLRISEFALL3METHODS_f,CDLSEPARATINGLINES_f,CDLSHOOTINGSTAR_f,CDLSHORTLINE_f,CDLSPINNINGTOP_f,CDLSTALLEDPATTERN_f,CDLSTICKSANDWICH_f,CDLTAKURI_f,CDLTASUKIGAP_f,CDLTHRUSTING_f,CDLTRISTAR_f,CDLUNIQUE3RIVER_f,CDLUPSIDEGAP2CROWS_f,CDLXSIDEGAP3METHODS_f,y_logistic,y_logistic_prob,y_DecisionTree,y_DecisionTree_prob,y_xgb,y_xgb_prob,Lower_Range,Upper_Range,pred_sum,pred_sum_prob,Prediction,Confidence_Level,Stop_Loss,Predicted_Change,Predicted_Change_Ratio
2021-08-30,730.5999755859375,735.4000244140625,727.0999755859375,730.0,730.0,4755129.0,ADANIPORTS.NS,0,1,[],0.0,0.0,2021-08-31 00:00:00,707.1928623744419,702.5775085449219,701.1570031738281,736.0185015869141,9756720.0,9112977.15,715.0893701469586,704.5146356597824,9011600.598478595,9337203.297746763,3.0,-1996127.0,0.4,-29.6,8.29998779296875,-10207762.0,9.25,-16520303.0,34.5999755859375,-2885581.0,61.70001220703125,-1881752.0,0.0,0.0,62.86466931051849,3.0,8.29998779296875,0,1,0,1,0,1,0,1,0,1,0,1,1,1,1,1,0,0,0,1,1,0,0,0,730.0,668.2999877929688,1.0,878.5999755859375,313.75,0.7369213383929248,730.0,668.2999877929688,1.0,0.0,0.0,0,0,0,0.5217975335316187,0.48736962831771335,702.5775085449219,14.645473030984954,680.61,724.55,8.300048828125,20.352508544921875,682.22,722.93,-1.6100000000000136,-1.6200000000000045,False,0,0,0,0.01003114591163353,0.022491988835766002,59.07979503660415,470553683.0,21.155391658047034,21.06799203202915,232.5929082456207,0.0,0.0,0.0,0.0,0.0,0.0,0.0,0.0,0.0,0.0,0.0,0.0,0.0,0.0,0.0,1.0,0.0,0.0,0.0,0.0,0.0,0.0,0.0,0.0,0.0,0.0,0.0,-1.0,-1.0,0.0,0.0,0.0,0.0,0.0,0.0,0.0,0.0,1.0,0.0,0.0,0.0,0.0,0.0,0.0,0.0,0.0,1.0,0.0,0.0,0.0,-1.0,-1.0,0.0,0.0,0.0,0.0,0.0,0.0,0.0,0.0,0.0,1,0.5546875,1,1.0,1,0.5727651,0,0,3,0.7091508706410726,Up,0.7091508706410726,719.8017690371993,784.2501032448498,0.01003114591163353
2021-08-30,3056.699951171875,3114.25,3048.050048828125,3108.75,3108.75,1051395.0,ASIANPAINT.NS,0,1,[],0.0,0.0,2021-08-31 00:00:00,3065.6571219308034,3016.442492675781,3018.7880029296875,2882.83849609375,1439546.7142857143,1142997.2,3055.968123183037,3031.294416757498,1127983.027033094,1190292.4256171787,71.949951171875,417020.0,2.4,65.7,69.10009765625,-267805.0,70.699951171875,253525.0,62.800048828125,287691.0,31.300048828125,-527554.0,0.0,0.0,64.65656837517452,71.949951171875,69.10009765625,0,1,1,1,0,1,1,1,1,1,0,1,1,1,1,1,1,0,0,1,1,0,0,0,3112.949951171875,2971.39990234375,0.9703288610166803,3159.050048828125,1802.550048828125,0.9629192415568559,3112.949951171875,3036.800048828125,0.9448462697573018,0.0,0.0,0,0,0,0.9198578964147944,0.7303653223380733,3016.442492675781,44.592019604567454,2949.55,3083.33,66.199951171875,54.79998779296875,2961.64,3071.24,-12.08999999999969,-12.090000000000146,False,0,0,0,0.0071720176283984645,0.0165694869528082,61.45102149811621,148394715.0,59.65387147934758,14.83534341298243,191.53863970163843,0.0,0.0,0.0,0.0,0.0,0.0,0.0,0.0,0.0,0.0,0.0,1.0,0.0,0.0,0.0,0.0,0.0,0.0,0.0,0.0,0.0,0.0,0.0,0.0,0.0,0.0,0.0,0.0,0.0,0.0,0.0,0.0,0.0,0.0,0.0,0.0,0.0,0.0,1.0,0.0,0.0,0.0,0.0,0.0,0.0,0.0,0.0,0.0,0.0,0.0,0.0,0.0,0.0,0.0,0.0,0.0,0.0,0.0,0.0,0.0,0.0,1,0.625,1,1.0,1,0.53030485,0,0,3,0.7184349497159322,Up,0.7184349497159322,3076.755967351216,3321.055312906338,0.0071720176283984645
2021-08-30,756.0,789.5,754.0,784.0499877929688,784.0499877929688,12511961.0,AXISBANK.NS,0,1,[],0.0,0.0,2021-08-31 00:00:00,749.221418108259,750.8249938964843,749.7499987792969,730.5269995117187,6545136.714285715,6447075.85,756.5476723654383,751.4705244702584,7415451.440170387,6679439.657447367,31.64996337890625,6669994.0,4.2,114.2,37.70001220703125,6020673.0,45.0,5785452.0,37.70001220703125,7974526.0,47.95001220703125,8897200.0,0.0,0.0,68.86533127078513,31.64996337890625,37.70001220703125,0,1,1,1,1,1,1,1,1,1,1,1,1,1,1,1,1,1,1,1,1,1,1,0,784.0499877929688,736.0999755859375,1.0,794.0,402.45001220703125,0.9745881432327045,784.0499877929688,736.0999755859375,1.0,0.0,0.0,0,0,0,1.9407187523627476,1.9116424218749812,750.8249938964843,13.156052444559233,731.09,770.56,35.5,15.760000610351563,735.06,766.58,-3.9699999999999136,-3.9799999999999045,False,0,0,0,0.008389804635793922,0.025242811603983385,64.36771314281738,701904882.0,17.061433955223457,22.936757542175506,243.65633239266663,0.0,0.0,0.0,0.0,0.0,0.0,0.0,0.0,0.0,0.0,0.0,0.0,0.0,0.0,0.0,0.0,0.0,0.0,0.0,0.0,0.0,0.0,0.0,0.0,0.0,0.0,0.0,0.0,0.0,0.0,0.0,0.0,0.0,0.0,0.0,0.0,0.0,0.0,0.0,0.0,0.0,0.0,0.0,0.0,0.0,0.0,0.0,0.0,0.0,0.0,0.0,0.0,0.0,0.0,0.0,0.0,0.0,0.0,0.0,0.0,0.0,1,0.7109375,1,1.0,1,0.60971826,0,0,3,0.7735519210497538,Up,0.7735519210497538,771.7570523085194,839.606150855743,0.008389804635793922
2021-08-30,3717.89990234375,3756.60009765625,3705.0,3720.39990234375,3720.39990234375,561500.0,BAJAJ-AUTO.NS,0,1,[],0.0,0.0,2021-08-31 00:00:00,3705.0570940290177,3773.402478027344,0.0,0.0,364724.14285714284,383371.3,3718.0910931611925,3771.385944940789,390616.76650337095,398051.25112379505,20.949951171875,286678.0,0.6,104.3,29.0,277656.0,30.75,162785.0,5.64990234375,284898.0,52.14990234375,105857.0,0.0,0.0,43.45675888526407,20.949951171875,29.0,0,1,1,1,1,1,1,1,1,1,1,1,1,1,0,0,0,1,1,1,0,1,1,0,3855.14990234375,3668.25,0.2790258405156085,0.0,0.0,0.0,3751.5,3668.25,0.6264252533783784,0.0,0.0,0,0,0,1.4646375458987149,1.5395196917905472,3773.402478027344,62.06715716942286,3680.3,3866.5,51.60009765625,73.1199951171875,3700.28,3846.52,-19.980000000000018,-19.980000000000018,False,0,0,0,0.0,0.020823966168545188,0.0,53406737.0,0.0,0.0,0.0,0.0,0.0,0.0,0.0,0.0,0.0,0.0,0.0,0.0,0.0,0.0,0.0,0.0,0.0,0.0,0.0,0.0,0.0,0.0,0.0,0.0,0.0,0.0,0.0,0.0,0.0,0.0,0.0,0.0,0.0,0.0,0.0,0.0,0.0,0.0,0.0,0.0,0.0,0.0,0.0,0.0,0.0,0.0,0.0,0.0,0.0,0.0,0.0,0.0,0.0,0.0,0.0,0.0,0.0,0.0,0.0,0.0,0.0,0.0,0.0,0.0,0,0.5,1,1.0,1,0.5148616,0,0,2,0.6716205279032389,-,0.0,0.0,0.0,0.0
2021-08-30,16475.0,16595.0,16260.0,16560.400390625,16560.400390625,336002.0,BAJAJFINSV.NS,0,1,[],0.0,0.0,2021-08-31 00:00:00,15904.478515625,14868.79755859375,0.0,0.0,604967.5714285715,367138.5,15915.56529246288,15033.910861781536,522781.53824126837,437835.35913342115,364.80078125,-105473.0,2.3,-23.9,601.6005859375,-270563.0,656.0,-638596.0,98.701171875,-938391.0,1288.5,9314.0,0.0,0.0,78.14739819888881,364.80078125,601.6005859375,0,1,0,1,0,1,0,1,0,1,1,1,1,1,1,0,0,0,0,1,1,0,0,0,16560.400390625,14036.5,1.0,0.0,0.0,0.0,16560.400390625,14978.5498046875,1.0,0.0,0.0,0,0,0,0.9151914059680475,0.5554049768429146,14868.79755859375,879.4300134553121,13549.65,16187.94,335.0,413.710205078125,14455.09,15282.51,-905.4400000000005,-905.4300000000003,False,0,0,0,0.026552196586779563,0.015302139934796538,0.0,45002318.0,0.0,0.0,0.0,0.0,0.0,0.0,0.0,0.0,0.0,0.0,0.0,0.0,0.0,0.0,0.0,0.0,0.0,0.0,0.0,0.0,0.0,0.0,0.0,0.0,0.0,0.0,0.0,0.0,0.0,0.0,0.0,0.0,0.0,0.0,0.0,0.0,0.0,0.0,0.0,0.0,0.0,0.0,0.0,0.0,0.0,0.0,0.0,0.0,0.0,0.0,0.0,0.0,0.0,0.0,0.0,0.0,0.0,0.0,0.0,0.0,0.0,0.0,0.0,0.0,1,0.7265625,1,1.0,1,0.5828317,0,0,3,0.7697980602582296,Up,0.7697980602582296,16403.003145809096,18367.38325864172,0.026552196586779563
2021-08-30,6995.9501953125,7197.0,6980.0,7165.5,7165.5,1504195.0,BAJFINANCE.NS,0,1,[],0.0,0.0,2021-08-31 00:00:00,6914.628696986607,6499.247509765625,0.0,0.0,1672898.2857142857,1304387.65,6901.376819829165,6601.938310498606,1477138.1359309396,1434015.7102655566,198.89990234375,568289.0,2.9,60.7,233.5498046875,269737.0,220.5498046875,-5472.0,185.39990234375,-1118795.0,413.2998046875,-234145.0,0.0,0.0,84.76733766191236,198.89990234375,233.5498046875,0,1,1,1,1,1,0,1,0,1,0,1,1,1,1,0,0,0,1,1,1,1,1,0,7165.5,6156.5498046875,1.0,0.0,0.0,0.0,7165.5,6661.10009765625,1.0,0.0,0.0,0,0,0,1.1531809581300467,0.8991550848279735,6499.247509765625,339.43613868016763,5990.09,7008.4,217.0,161.31259765625,6337.93,6660.56,-347.84000000000015,-347.83999999999924,False,0,0,0,0.0,0.01786665126483397,0.0,337846734.0,0.0,0.0,0.0,0.0,0.0,0.0,0.0,0.0,0.0,0.0,0.0,0.0,0.0,0.0,0.0,0.0,0.0,0.0,0.0,0.0,0.0,0.0,0.0,0.0,0.0,0.0,0.0,0.0,0.0,0.0,0.0,0.0,0.0,0.0,0.0,0.0,0.0,0.0,0.0,0.0,0.0,0.0,0.0,0.0,0.0,0.0,0.0,0.0,0.0,0.0,0.0,0.0,0.0,0.0,0.0,0.0,0.0,0.0,0.0,0.0,0.0,0.0,0.0,0.0,1,0.5390625,1,1.0,0,0.4830427,0,0,2,0.6740350623925527,-,0.0,0.0,0.0,0.0
2021-08-30,596.0,625.0,590.0999755859375,620.4500122070312,620.4500122070312,39758477.0,BHARTIARTL.NS,0,1,[],0.0,0.0,2021-08-31 00:00:00,610.2000122070312,609.1800079345703,565.2750048828125,552.2635021972657,17221376.0,19431572.75,610.107332820336,602.6437224462825,21067801.90523152,17772355.743125692,25.29998779296875,23617254.0,4.3,146.3,33.54998779296875,13952754.0,8.0,31780593.0,0.35003662109375,33981882.0,-2.20001220703125,27203579.0,0.0,0.0,58.50813634004393,25.29998779296875,33.54998779296875,0,1,1,1,1,1,1,1,1,0,1,1,1,1,1,1,1,1,1,1,1,1,1,0,637.0499877929688,586.9000244140625,0.6689932660465376,637.0499877929688,397.70001220703125,0.9306455931516177,622.6500244140625,586.9000244140625,0.9384611970061189,0.0,0.0,0,0,0,2.0460761211415583,2.308670166657995,609.1800079345703,20.171377041499216,578.92,639.44,34.9000244140625,20.15501098632812,589.02,629.34,-10.100000000000023,-10.100000000000023,False,0,0,0,0.01625544092564902,0.023118516911076817,59.463005973834896,673629905.0,19.032165812072417,26.82922685757043,213.6941907987055,0.0,0.0,1.0,0.0,0.0,0.0,0.0,0.0,0.0,0.0,0.0,0.0,0.0,0.0,0.0,0.0,0.0,0.0,0.0,0.0,0.0,0.0,0.0,0.0,0.0,0.0,0.0,0.0,-1.0,0.0,0.0,0.0,0.0,0.0,0.0,0.0,0.0,0.0,0.0,0.0,0.0,0.0,0.0,0.0,0.0,0.0,0.0,0.0,0.0,0.0,0.0,0.0,0.0,0.0,0.0,0.0,0.0,0.0,0.0,0.0,0.0,1,0.5390625,1,1.0,1,0.6001721,0,0,3,0.7130782008171082,Up,0.7130782008171082,611.5407674246176,674.6934062649084,0.01625544092564902
2021-08-30,474.8999938964844,474.8999938964844,471.6000061035156,472.54998779296875,472.54998779296875,4508343.0,BPCL.NS,0,1,[],0.0,0.0,2021-08-31 00:00:00,462.0857151576451,458.23999938964846,458.88499938964844,453.19549957275393,5241457.142857143,5022359.2,465.1443300853023,460.053199963082,5420061.789167425,5125111.822415782,1.25,-1760038.0,0.3,-28.1,5.79998779296875,-2908301.0,11.8499755859375,-343790.0,16.149993896484375,883999.0,20.8499755859375,545397.0,0.0,0.0,65.98552237274592,1.25,5.79998779296875,0,1,0,1,0,1,0,1,1,1,1,1,1,1,1,1,1,0,0,1,1,0,0,0,472.54998779296875,444.70001220703125,1.0,487.45001220703125,326.6499938964844,0.9073381671805121,472.54998779296875,451.70001220703125,1.0,0.0,0.0,0,0,0,0.8976544330003318,0.860131615526762,458.23999938964846,7.505566154275417,446.98,469.5,3.29998779296875,9.547500610351562,448.69,467.79,-1.7099999999999795,-1.7099999999999795,False,0,0,0,0.0,0.026832075205064903,62.052427271350865,258951431.0,8.961371006068925,14.779801769535432,193.84053584281006,0.0,0.0,0.0,0.0,0.0,0.0,0.0,0.0,0.0,0.0,0.0,0.0,0.0,0.0,0.0,0.0,0.0,0.0,0.0,0.0,0.0,0.0,0.0,0.0,0.0,0.0,0.0,0.0,0.0,0.0,0.0,0.0,0.0,0.0,0.0,0.0,0.0,0.0,0.0,0.0,0.0,0.0,0.0,0.0,0.0,0.0,0.0,0.0,0.0,0.0,-1.0,0.0,0.0,0.0,0.0,0.0,0.0,0.0,0.0,0.0,0.0,0,0.4765625,0,0.0,1,0.5390363,0,0,1,0.3385329246520996,-,0.0,0.0,0.0,0.0
2021-08-30,3960.0,3993.550048828125,3932.199951171875,3986.35009765625,3986.35009765625,466516.0,BRITANNIA.NS,0,1,[],0.0,0.0,2021-08-31 00:00:00,3896.5714285714284,3715.95,3603.61900390625,3578.752001953125,723775.1428571428,617610.75,3885.8512734651567,3748.877848370686,599106.0401608773,570531.4709800247,44.800048828125,-9008.0,1.1,-1.9,55.4501953125,-647585.0,143.550048828125,105738.0,174.150146484375,29349.0,120.10009765625,-178572.0,0.0,0.0,79.47993538599636,44.800048828125,55.4501953125,0,1,0,1,0,1,1,1,1,1,0,1,1,1,1,1,1,0,0,1,1,0,0,0,3986.35009765625,3579.550048828125,1.0,3986.35009765625,3331.199951171875,1.0,3986.35009765625,3812.199951171875,1.0,0.0,0.0,0,0,0,0.7553560231909824,0.6445593007773133,3715.95,146.99548759049887,3495.46,3936.44,61.35009765625,82.90496826171875,3633.05,3798.85,-137.59000000000015,-137.59000000000015,False,0,0,0,0.0,0.018387222564672057,76.80288532340592,161632.0,81.72482291230179,24.114317463537116,177.80118060366672,0.0,0.0,0.0,0.0,0.0,0.0,0.0,0.0,0.0,0.0,0.0,0.0,0.0,0.0,0.0,0.0,0.0,0.0,0.0,0.0,0.0,0.0,0.0,0.0,-1.0,0.0,0.0,0.0,0.0,0.0,0.0,0.0,0.0,0.0,0.0,0.0,0.0,0.0,0.0,0.0,0.0,0.0,0.0,0.0,0.0,0.0,0.0,0.0,0.0,0.0,0.0,0.0,0.0,0.0,0.0,0.0,0.0,0.0,0.0,0.0,0.0,1,0.5546875,0,0.0,0,0.46602157,0,0,1,0.340236355861028,-,0.0,0.0,0.0,0.0
2021-08-30,924.0,936.5,920.4500122070312,934.7000122070312,934.7000122070312,2016915.0,CIPLA.NS,0,1,[],0.0,0.0,2021-08-31 00:00:00,912.7642822265625,913.8725006103516,938.9710009765626,929.514501953125,2019858.142857143,2826424.95,917.7205132288459,917.0315515596576,2067616.2133235727,2510919.021059349,10.79998779296875,138312.0,1.2,7.4,23.4000244140625,495391.0,22.10003662109375,319158.0,17.04998779296875,-571213.0,36.35003662109375,-64291.0,0.0,0.0,59.93733541260434,10.79998779296875,23.4000244140625,0,1,1,1,1,1,1,1,0,1,0,1,1,1,1,0,1,0,0,1,1,0,0,0,934.7000122070312,888.25,1.0,979.5999755859375,708.2000122070312,0.8345616454036855,934.7000122070312,890.8499755859375,1.0,0.0,0.0,0,0,0,0.7135922713957078,0.9985428962585562,913.8725006103516,15.403961371266147,890.77,936.98,16.04998779296875,18.037490844726562,895.84,931.91,-5.07000000000005,-5.07000000000005,False,0,0,0,0.0,0.017835763786425877,55.49540640551657,333772309.0,18.751020398292123,14.185753186248293,118.84345703067692,0.0,0.0,0.0,0.0,0.0,0.0,0.0,0.0,0.0,0.0,0.0,0.0,0.0,0.0,0.0,0.0,0.0,0.0,0.0,0.0,0.0,0.0,0.0,0.0,0.0,0.0,0.0,0.0,0.0,0.0,0.0,0.0,0.0,0.0,0.0,0.0,0.0,0.0,1.0,0.0,0.0,0.0,0.0,0.0,0.0,0.0,0.0,0.0,0.0,0.0,0.0,0.0,0.0,0.0,0.0,0.0,0.0,0.0,0.0,0.0,0.0,0,0.4921875,0,0.0,1,0.5576454,0,0,1,0.3499442934989929,-,0.0,0.0,0.0,0.0
2021-08-30,138.60000610351562,143.9499969482422,138.60000610351562,143.60000610351562,143.60000610351562,11330760.0,COALINDIA.NS,0,1,[],0.0,0.0,2021-08-31 00:00:00,137.721431187221,141.28000030517578,144.16699890136718,142.89149925231933,7786482.857142857,8565798.45,139.457881767032,140.72753839735896,8117843.954780033,8364490.099260929,5.0500030517578125,6912220.0,3.6,156.4,6.3000030517578125,4490461.0,4.75,3513143.0,7.4000091552734375,3878698.0,9.650009155273438,3561955.0,0.0,0.0,58.563583664590624,5.0500030517578125,6.3000030517578125,0,1,1,1,1,1,1,1,1,1,1,1,1,1,1,0,1,1,1,1,1,1,1,0,144.39999389648438,133.9499969482422,0.9234461218571631,0.0,0.0,0.0,143.60000610351562,133.9499969482422,1.0,0.0,0.0,0,0,0,1.3227908718772154,1.455183323187546,141.28000030517578,3.665607215286089,135.78,146.78,5.3499908447265625,3.242498779296878,138.04,144.52,-2.259999999999991,-2.259999999999991,False,0,0,0,0.012763255778149815,0.03332192682945315,0.0,222030297.0,0.0,0.0,0.0,0.0,0.0,0.0,0.0,0.0,0.0,0.0,0.0,0.0,0.0,0.0,0.0,0.0,0.0,0.0,0.0,0.0,0.0,0.0,0.0,0.0,0.0,0.0,0.0,0.0,0.0,0.0,0.0,-1.0,0.0,0.0,0.0,0.0,0.0,0.0,0.0,0.0,0.0,0.0,0.0,0.0,0.0,0.0,0.0,0.0,0.0,0.0,0.0,0.0,0.0,0.0,0.0,0.0,0.0,0.0,0.0,0.0,0.0,0.0,0.0,0.0,1,0.6484375,1,1.0,1,0.6611962,0,0,3,0.7698778907457987,Up,0.7698778907457987,140.6279384661924,155.0980656332825,0.012763255778149815
2021-08-30,4932.60009765625,5133.9501953125,4930.0,5104.25,5104.25,866619.0,DIVISLAB.NS,0,1,[],0.0,0.0,2021-08-31 00:00:00,4896.385811941965,4918.472583007812,4707.772041015625,4370.918532714843,461493.85714285716,424788.1,4935.017523029085,4888.130197515398,492596.39193564135,455966.5355184034,193.5498046875,517184.0,3.9,148.0,257.5498046875,584648.0,247.75,520819.0,241.0498046875,440746.0,229.60009765625,455802.0,0.0,0.0,72.49308487068492,193.5498046875,257.5498046875,0,1,1,1,1,1,1,1,1,1,1,1,1,1,1,1,1,1,1,1,1,1,1,0,5104.25,4818.7001953125,1.0,5104.25,3020.449951171875,1.0,5104.25,4818.7001953125,1.0,0.0,0.0,0,0,0,2.0401207095961493,1.877855981367342,4918.472583007812,61.38704933922359,4826.39,5010.55,203.9501953125,101.2600341796875,4817.21,5019.73,9.180000000000291,9.179999999999382,True,1,1,0,-0.006013327064624929,0.013168067482943394,69.37824474967776,93115201.0,105.34857316546315,31.706120515975428,247.7137433788562,0.0,0.0,0.0,0.0,1.0,0.0,0.0,0.0,0.0,1.0,0.0,0.0,0.0,0.0,0.0,0.0,0.0,0.0,0.0,0.0,0.0,0.0,0.0,0.0,0.0,0.0,0.0,0.0,0.0,0.0,0.0,0.0,0.0,0.0,0.0,0.0,0.0,0.0,1.0,0.0,0.0,0.0,0.0,0.0,0.0,0.0,0.0,0.0,0.0,0.0,0.0,0.0,0.0,0.0,0.0,0.0,0.0,0.0,0.0,0.0,0.0,0,0.484375,0,0.0,0,0.47090894,0,0,0,0.3184279799461365,Down,0.6815720200538635,5143.327388633613,4795.875369149573,-0.006013327064624929
2021-08-30,4619.0,4700.0,4578.0498046875,4677.85009765625,4677.85009765625,628219.0,DRREDDY.NS,0,1,[],0.0,0.0,2021-08-31 00:00:00,4569.871442522322,4675.007470703125,0.0,0.0,589821.1428571428,604093.1,4607.023743272421,4711.582125958698,573481.8620193778,658322.4091720962,77.30029296875,64824.0,1.7,11.5,174.35009765625,146585.0,128.89990234375,184078.0,90.4501953125,11283.0,163.0,60704.0,0.0,0.0,47.638584903870964,77.30029296875,174.35009765625,0,1,1,1,1,1,1,1,1,1,1,1,1,1,1,0,0,1,1,1,0,1,0,0,4818.5,4503.5,0.5534923735119047,0.0,0.0,0.0,4677.85009765625,4503.5,1.0,0.0,0.0,0,0,0,1.0399373871345328,1.0651008489740716,4675.007470703125,95.03171994070361,4532.46,4817.56,121.9501953125,86.425,4588.58,4761.43,-56.11999999999989,-56.13000000000011,False,0,0,0,0.010157627751722687,0.02239309299929205,0.0,58694683.0,0.0,0.0,0.0,0.0,0.0,0.0,0.0,0.0,0.0,0.0,0.0,0.0,0.0,0.0,0.0,0.0,0.0,0.0,0.0,0.0,0.0,0.0,0.0,0.0,0.0,0.0,0.0,0.0,0.0,0.0,0.0,0.0,0.0,0.0,0.0,0.0,0.0,0.0,0.0,0.0,0.0,0.0,0.0,0.0,0.0,0.0,0.0,0.0,0.0,0.0,0.0,0.0,0.0,0.0,0.0,0.0,0.0,0.0,0.0,0.0,0.0,0.0,0.0,0.0,1,0.625,1,1.0,1,0.5702365,0,0,3,0.7317455013593038,Up,0.7317455013593038,4612.787034132298,5026.731772087365,0.010157627751722687
2021-08-30,2580.699951171875,2608.199951171875,2545.800048828125,2553.949951171875,2553.949951171875,925021.0,EICHERMOT.NS,0,1,[],0.0,0.0,2021-08-31 00:00:00,2568.835693359375,2615.057507324219,2639.7530029296877,2590.640007324219,1052190.857142857,1223648.3,2569.6410780956976,2592.668007468248,963822.5205726537,1098514.6889086666,-22.150146484375,383146.0,-0.9,70.7,-24.800048828125,484499.0,-25.550048828125,203437.0,6.050048828125,-352050.0,9.949951171875,-346378.0,0.0,0.0,42.61229050152082,-22.150146484375,-24.800048828125,0,0,1,0,1,0,1,1,0,1,0,0,0,0,0,0,0,0,0,0,0,0,0,0,2734.35009765625,2495.85009765625,0.2436052558307128,2972.60009765625,2014.4150390625,0.5630800723413558,2601.64990234375,2544.0,0.17259268042721507,0.0,0.0,0,0,0,0.7559533241700249,0.8791380325351078,2615.057507324219,78.83686014561341,2496.8,2733.31,62.39990234375,68.87498779296875,2546.18,2683.93,-49.379999999999654,-49.38000000000011,False,0,0,0,0.015434300133688851,0.025111464284190654,43.58186563267012,137241953.0,63.80908601112843,17.998517897049812,24.405333443599524,0.0,0.0,0.0,0.0,0.0,0.0,0.0,0.0,0.0,0.0,0.0,0.0,0.0,0.0,0.0,0.0,0.0,0.0,-1.0,0.0,0.0,0.0,0.0,0.0,0.0,0.0,0.0,0.0,0.0,0.0,0.0,0.0,0.0,0.0,0.0,0.0,0.0,0.0,0.0,0.0,0.0,0.0,0.0,0.0,0.0,0.0,0.0,0.0,0.0,0.0,0.0,0.0,0.0,0.0,0.0,0.0,0.0,0.0,0.0,0.0,0.0,1,0.5859375,1,1.0,1,0.5606647,0,0,3,0.7155340711275736,Up,0.7155340711275736,2514.115526959165,2772.8139139731315,0.015434300133688851
2021-08-30,143.35000610351562,146.6999969482422,143.35000610351562,146.0,146.0,12311351.0,GAIL.NS,0,1,[],0.0,0.0,2021-08-31 00:00:00,143.37857055664062,145.08999938964843,146.69000061035158,147.87900039672851,12268232.57142857,13652479.7,144.4525648118708,144.79635866865618,11654108.577444462,12121485.741095059,2.5,-229573.0,1.7,-1.8,3.350006103515625,2559063.0,1.100006103515625,4638203.0,0.5500030517578125,-8936724.0,5.1999969482421875,4313889.0,0.0,0.0,53.439205437680805,2.5,3.350006103515625,0,1,0,1,1,1,1,1,0,1,1,1,1,1,1,0,0,1,0,1,1,1,1,0,150.64999389648438,140.35000610351562,0.5485437468519452,168.35000610351562,82.30000305175781,0.7402672247428925,146.0,140.35000610351562,1.0,0.0,0.0,0,0,0,0.9017666585506807,1.003514640623283,145.08999938964843,2.7740132562410382,140.93,149.25,3.3499908447265625,4.252497863769529,140.84,149.34,0.09000000000000341,0.09000000000000341,True,1,0,0,0.009500045398085747,0.028852585469005626,51.635583133188334,1245576102.0,4.17470558157794,25.39985447868,237.4023039368062,0.0,0.0,1.0,0.0,0.0,0.0,0.0,0.0,0.0,1.0,0.0,0.0,0.0,0.0,0.0,0.0,0.0,0.0,0.0,0.0,0.0,0.0,0.0,0.0,0.0,0.0,0.0,0.0,-1.0,0.0,0.0,0.0,0.0,0.0,0.0,0.0,0.0,0.0,1.0,0.0,0.0,0.0,0.0,0.0,0.0,0.0,0.0,0.0,0.0,0.0,0.0,0.0,0.0,0.0,0.0,0.0,0.0,0.0,0.0,0.0,0.0,1,0.5234375,1,1.0,1,0.5892758,0,0,3,0.7042377591133118,Up,0.7042377591133118,143.38355436119576,156.68669115981152,0.009500045398085747
2021-08-30,1465.0,1483.0,1462.0,1471.1500244140625,1471.1500244140625,764393.0,GRASIM.NS,0,1,[],0.0,0.0,2021-08-31 00:00:00,1457.3785923549108,1498.8200134277345,1513.935009765625,1463.564002685547,898280.0,1063301.5,1463.484766237173,1487.0865992991053,902010.0571424274,1009761.9195877089,12.8499755859375,-131851.0,0.9,-14.7,32.0999755859375,-172368.0,23.4500732421875,-75241.0,11.0,-148643.0,30.5,-399349.0,0.0,0.0,44.99643877464269,12.8499755859375,32.0999755859375,0,1,0,1,0,1,0,1,0,1,0,1,1,1,0,0,1,0,0,1,0,0,0,0,1512.1500244140625,1439.050048828125,0.4391242996818823,1592.4000244140625,625.3499755859375,0.8746186920243361,1484.6500244140625,1439.050048828125,0.7039472099155413,0.0,0.0,0,0,0,0.7188864118032374,0.8509518190319277,1498.8200134277345,44.367649756976554,1432.27,1565.37,21.0,37.86000366210939,1460.96,1536.68,-28.690000000000055,-28.689999999999827,False,0,0,0,0.0,0.016888018345914402,44.58707074406358,202878896.0,35.766221099322244,16.592834473766388,19.770065178898108,0.0,0.0,0.0,0.0,0.0,0.0,0.0,0.0,0.0,0.0,0.0,0.0,0.0,0.0,0.0,0.0,0.0,0.0,0.0,0.0,0.0,0.0,0.0,0.0,0.0,0.0,0.0,0.0,0.0,0.0,0.0,0.0,0.0,0.0,0.0,0.0,0.0,0.0,0.0,0.0,0.0,0.0,0.0,0.0,0.0,0.0,0.0,0.0,0.0,-1.0,0.0,0.0,0.0,0.0,0.0,0.0,0.0,0.0,0.0,0.0,0.0,0,0.4609375,0,0.0,1,0.5156924,0,0,1,0.32554330428441364,-,0.0,0.0,0.0,0.0
2021-08-30,1164.0,1170.3499755859375,1154.550048828125,1163.4000244140625,1163.4000244140625,2956423.0,HCLTECH.NS,0,1,[],0.0,0.0,2021-08-31 00:00:00,1154.4999825613838,1105.2699829101562,1034.8779907226562,993.7684967041016,4415209.285714285,5187161.2,1152.930314743699,1111.141800027559,4070516.3122558757,4828036.827070466,0.4500732421875,-94043.0,0.0,-3.1,-4.0499267578125,-1697098.0,9.050048828125,-491489.0,10.5,-990894.0,0.300048828125,-6427357.0,0.0,0.0,73.06511361462935,0.4500732421875,-4.0499267578125,0,0,0,0,0,1,0,1,0,1,0,1,0,1,1,1,1,0,0,1,1,0,0,0,1167.449951171875,1050.550048828125,0.9653556018729298,1167.449951171875,689.5999755859375,0.991524689830011,1167.449951171875,1117.3499755859375,0.9191630991742585,0.0,0.0,0,0,0,0.569950091391029,0.669599742319285,1105.2699829101562,49.3611799222446,1031.23,1179.31,15.7999267578125,25.634994506835927,1079.63,1130.9,-48.40000000000009,-48.409999999999854,False,0,0,0,0.0,0.015245027644649242,72.47482052769605,289006398.0,25.40040693925361,24.44910845006796,187.35281165803724,0.0,0.0,0.0,0.0,0.0,0.0,0.0,0.0,0.0,0.0,0.0,0.0,0.0,0.0,0.0,1.0,0.0,0.0,0.0,0.0,0.0,0.0,0.0,0.0,0.0,0.0,0.0,-1.0,0.0,0.0,0.0,0.0,0.0,0.0,0.0,0.0,0.0,1.0,0.0,0.0,1.0,0.0,0.0,0.0,0.0,0.0,1.0,0.0,0.0,0.0,0.0,-1.0,0.0,0.0,0.0,0.0,0.0,0.0,0.0,0.0,0.0,1,0.515625,0,0.0,1,0.55389184,0,0,2,0.3565056125322978,-,0.0,0.0,0.0,0.0
2021-08-30,2730.449951171875,2764.89990234375,2723.10009765625,2755.699951171875,2755.699951171875,1731579.0,HDFC.NS,0,1,[],0.0,0.0,2021-08-31 00:00:00,2715.535714285714,2674.9274780273436,2563.5679736328125,2535.0959936523436,2418961.1428571427,3229579.4,2718.0578069343574,2668.8867926620146,2290082.5087750163,2713517.621048089,37.5,-1029444.0,1.4,-37.3,55.349853515625,-121002.0,56.449951171875,16802.0,64.449951171875,-1253016.0,33.75,-170121.0,0.0,0.0,71.2343233413508,37.5,55.349853515625,0,1,0,1,0,1,1,1,0,1,0,1,1,1,1,1,1,0,0,1,1,0,0,0,2755.699951171875,2623.89990234375,1.0,2860.449951171875,1636.8499755859375,0.9143919564481529,2755.699951171875,2691.25,1.0,0.0,0.0,0,0,0,0.5361623869659312,0.7158358062563812,2674.9274780273436,68.33920301880539,2572.42,2777.44,41.7998046875,52.27247314453125,2622.66,2727.2,-50.23999999999978,-50.24000000000024,False,0,0,0,0.012399608852506567,0.021781050146213718,68.49763227498154,227927603.0,48.25156703111325,21.486366073882692,225.64469834593638,0.0,0.0,0.0,0.0,1.0,0.0,0.0,0.0,0.0,0.0,0.0,0.0,0.0,0.0,0.0,0.0,0.0,0.0,0.0,0.0,0.0,0.0,0.0,0.0,0.0,0.0,0.0,0.0,0.0,0.0,0.0,0.0,0.0,0.0,0.0,0.0,0.0,0.0,1.0,0.0,0.0,0.0,0.0,0.0,0.0,0.0,0.0,0.0,0.0,0.0,0.0,0.0,0.0,0.0,0.0,0.0,0.0,0.0,0.0,0.0,0.0,1,0.609375,1,1.0,1,0.54823005,0,0,3,0.7192016839981079,Up,0.7192016839981079,2718.4191817157302,2974.2381824019803,0.012399608852506567
2021-08-30,1555.5999755859375,1570.0,1551.5999755859375,1568.25,1568.25,4522406.0,HDFCBANK.NS,0,1,[],0.0,0.0,2021-08-31 00:00:00,1546.7285679408483,1510.979998779297,1494.3849975585938,1472.2509985351562,5474620.714285715,6433474.25,1547.9536578319476,1520.2552555523803,5192481.465213265,6111442.807301244,19.800048828125,1331337.0,1.3,41.7,13.449951171875,-1035090.0,10.8499755859375,658419.0,9.4000244140625,-4668251.0,43.6500244140625,-899121.0,0.0,0.0,72.87566783912582,19.800048828125,13.449951171875,0,1,1,1,0,1,1,1,0,1,0,1,1,1,1,1,1,0,0,1,1,0,0,0,1568.25,1494.949951171875,1.0,1626.6500244140625,1030.4000244140623,0.9020544663915094,1568.25,1514.75,1.0,0.0,0.0,0,0,0,0.7029492657097368,0.8260674549013115,1510.979998779297,39.08187375286482,1452.36,1569.6,18.4000244140625,27.885003662109405,1483.09,1538.87,-30.730000000000018,-30.730000000000018,False,0,0,0,0.0,0.018885627845563212,68.60239726489709,328367735.0,26.82361022877206,23.552227319716028,195.82543344394747,0.0,0.0,0.0,0.0,0.0,0.0,0.0,0.0,0.0,0.0,0.0,0.0,0.0,0.0,0.0,0.0,0.0,0.0,0.0,0.0,0.0,0.0,0.0,0.0,0.0,0.0,0.0,0.0,-1.0,0.0,0.0,0.0,0.0,0.0,0.0,0.0,0.0,0.0,0.0,0.0,0.0,0.0,0.0,0.0,0.0,0.0,0.0,0.0,0.0,0.0,1.0,0.0,0.0,0.0,0.0,0.0,0.0,0.0,0.0,0.0,0.0,1,0.5390625,0,0.0,1,0.52391475,0,0,2,0.3543257514635722,-,0.0,0.0,0.0,0.0
2021-08-30,709.0,713.2000122070312,706.0999755859375,712.3499755859375,712.3499755859375,3021644.0,HDFCLIFE.NS,0,1,[],0.0,0.0,2021-08-31 00:00:00,687.2285505022321,676.8174926757813,0.0,0.0,4422551.714285715,2826591.8,692.9325590171215,681.5090925956437,4062544.7942879167,3370812.081703982,8.25,-375125.0,1.2,-11.0,13.5,-4647591.0,24.79998779296875,-4587271.0,41.25,-30340.0,43.54998779296875,847666.0,0.0,0.0,78.76299509552024,8.25,13.5,0,1,0,1,0,1,0,1,0,1,1,1,1,1,1,0,0,0,1,1,1,0,0,0,712.3499755859375,666.6500244140625,1.0,0.0,0.0,0.0,712.3499755859375,667.8499755859375,1.0,0.0,0.0,0,0,0,1.0690061437240426,0.6832354249786371,676.8174926757813,13.154852252509059,657.09,696.55,7.10003662109375,9.95251159667968,666.86,686.77,-9.769999999999982,-9.779999999999973,False,0,0,0,0.009233419459085856,0.021512295949723585,0.0,323924164.0,0.0,0.0,0.0,0.0,0.0,0.0,0.0,0.0,0.0,0.0,0.0,0.0,0.0,0.0,0.0,0.0,0.0,0.0,0.0,0.0,0.0,0.0,0.0,0.0,0.0,0.0,0.0,0.0,0.0,0.0,0.0,0.0,0.0,0.0,0.0,0.0,0.0,0.0,0.0,0.0,0.0,0.0,0.0,0.0,0.0,0.0,0.0,0.0,0.0,0.0,0.0,0.0,0.0,0.0,0.0,0.0,0.0,0.0,0.0,0.0,0.0,0.0,0.0,0.0,1,0.7421875,1,1.0,1,0.53573424,0,0,3,0.7593072454134623,Up,0.7593072454134623,702.8317870799852,764.0914458540774,0.009233419459085856
2021-08-30,2680.0,2729.0,2680.0,2726.25,2726.25,518552.0,HEROMOTOCO.NS,0,1,[],0.0,0.0,2021-08-31 00:00:00,2682.2500348772323,2754.9400390625,2830.6600244140627,2870.165017089844,574963.8571428572,550995.25,2698.692978745813,2742.969012874244,543124.789348524,559704.1513219839,52.199951171875,1397.0,2.0,0.3,78.699951171875,73127.0,52.300048828125,110772.0,50.39990234375,-49394.0,45.64990234375,-239874.0,0.0,0.0,46.81203119936187,52.199951171875,78.699951171875,0,1,1,1,1,1,1,1,0,1,0,1,1,1,0,0,0,0,0,1,0,0,0,0,2836.300048828125,2647.550048828125,0.416953383692053,3584.0,2647.550048828125,0.08404074459440118,2726.25,2647.550048828125,1.0,0.0,0.0,0,0,0,0.9411188208972764,0.901886255210576,2754.9400390625,60.409065988040915,2664.33,2845.55,49.0,45.839990234375,2709.1,2800.78,-44.76999999999998,-44.76999999999998,False,0,0,0,0.011079150112432996,0.027894184635465915,43.678150355109985,103375467.0,47.48479152485327,17.79889729665208,-2.2036236958398945,0.0,0.0,0.0,0.0,0.0,0.0,0.0,0.0,0.0,1.0,0.0,1.0,0.0,0.0,0.0,0.0,0.0,0.0,0.0,0.0,0.0,0.0,0.0,0.0,0.0,0.0,0.0,0.0,0.0,0.0,0.0,0.0,0.0,0.0,0.0,0.0,0.0,0.0,1.0,1.0,0.0,0.0,0.0,0.0,0.0,0.0,0.0,0.0,0.0,0.0,0.0,0.0,0.0,0.0,0.0,0.0,0.0,0.0,0.0,0.0,0.0,1,0.6875,1,1.0,1,0.572004,0,0,3,0.753168006738027,Up,0.753168006738027,2679.0161361102864,2934.8700010405905,0.011079150112432996
2021-08-30,440.95001220703125,452.5,440.6499938964844,448.04998779296875,448.04998779296875,11733354.0,HINDALCO.NS,0,1,[],0.0,0.0,2021-08-31 00:00:00,424.5857151576451,433.8775009155273,408.0769989013672,393.57899963378907,15323479.285714285,12813655.65,432.67677212552303,428.0482176295995,13521469.377200017,13616690.473630974,10.149993896484375,-3825569.0,2.3,-24.6,23.949981689453125,4038179.0,17.3499755859375,-6241037.0,27.199981689453125,-3316661.0,41.199981689453125,-4209666.0,0.0,0.0,62.260133044555516,10.149993896484375,23.949981689453125,0,1,0,1,1,1,0,1,0,1,0,1,1,1,1,1,1,0,0,1,1,0,0,0,448.04998779296875,403.6499938964844,1.0,458.1000061035156,159.10000610351562,0.9663878986269335,448.04998779296875,403.6499938964844,1.0,0.0,0.0,0,0,0,0.9156913780494795,0.7657108272361308,433.8775009155273,12.533503975726088,415.08,452.68,11.850006103515625,13.332501220703126,420.54,447.21,-5.460000000000036,-5.470000000000027,False,0,0,0,0.0,0.017208366248599803,60.53507778533584,1285414331.0,14.677991913072391,20.553289745061733,11.519480824587504,0.0,0.0,0.0,0.0,0.0,0.0,0.0,0.0,0.0,1.0,0.0,0.0,0.0,0.0,0.0,0.0,0.0,0.0,0.0,0.0,0.0,0.0,0.0,0.0,0.0,0.0,0.0,0.0,0.0,0.0,0.0,0.0,0.0,0.0,0.0,0.0,0.0,0.0,0.0,0.0,0.0,0.0,0.0,0.0,0.0,0.0,0.0,0.0,0.0,0.0,0.0,0.0,0.0,0.0,0.0,0.0,0.0,0.0,0.0,0.0,0.0,1,0.6484375,0,0.0,1,0.5321179,0,0,2,0.39351846774419147,-,0.0,0.0,0.0,0.0
2021-08-30,2691.60009765625,2705.75,2671.60009765625,2687.699951171875,2687.699951171875,1168103.0,HINDUNILVR.NS,0,1,[],0.0,0.0,2021-08-31 00:00:00,2651.942801339286,2486.967492675781,2456.2699853515624,2419.4439868164063,2233280.4285714286,1634732.15,2634.1469011628615,2532.8183659966394,1684739.374580499,1674703.2288145218,9.75,-8126.0,0.4,-0.7,21.300048828125,-947957.0,42.699951171875,-578467.0,54.699951171875,-314751.0,53.550048828125,-995117.0,0.0,0.0,90.0577477703682,9.75,21.300048828125,0,1,0,1,0,1,0,1,0,1,0,1,1,1,1,1,1,0,0,1,1,0,0,0,2687.699951171875,2381.800048828125,1.0,2687.699951171875,2026.800048828125,1.0,2687.699951171875,2619.39990234375,1.0,0.0,0.0,0,0,0,0.7145531456024768,0.5230435842520704,2486.967492675781,129.91634785521964,2292.09,2681.84,34.14990234375,47.06497802734374,2439.9,2534.03,-147.80999999999995,-147.80999999999995,False,0,0,0,0.0,0.017833641831785194,84.03356957965933,-169485325.0,48.11471741854324,27.294191852701143,148.82482328405482,0.0,0.0,0.0,0.0,0.0,0.0,0.0,0.0,0.0,0.0,0.0,0.0,0.0,0.0,0.0,1.0,0.0,0.0,0.0,0.0,0.0,0.0,0.0,0.0,0.0,0.0,0.0,-1.0,-1.0,0.0,0.0,0.0,0.0,0.0,0.0,0.0,0.0,1.0,0.0,0.0,0.0,0.0,0.0,0.0,0.0,0.0,1.0,0.0,0.0,0.0,-1.0,-1.0,0.0,0.0,0.0,0.0,0.0,0.0,0.0,0.0,0.0,1,0.6015625,0,0.0,0,0.44833213,0,0,1,0.34996487696965534,-,0.0,0.0,0.0,0.0
2021-08-30,704.5,715.0,700.9000244140625,713.6500244140625,713.6500244140625,10792356.0,ICICIBANK.NS,0,1,[],0.0,0.0,2021-08-31 00:00:00,694.4428623744419,697.1625061035156,0.0,0.0,10580782.285714285,11662841.95,699.5804537619005,692.5584859883821,10347236.310134012,11323974.958415518,13.9000244140625,1656529.0,2.0,18.1,14.85003662109375,50989.0,22.60003662109375,1256997.0,19.20001220703125,970968.0,30.95001220703125,-125015.0,0.0,0.0,66.90732688266672,13.9000244140625,14.85003662109375,0,1,1,1,1,1,1,1,1,1,0,1,1,1,1,0,0,1,0,1,1,1,0,0,713.6500244140625,680.7000122070312,1.0,0.0,0.0,0.0,713.6500244140625,680.7000122070312,1.0,0.0,0.0,0,0,0,0.925362449930139,1.0199960370200012,697.1625061035156,9.44373799750007,683.0,711.33,14.0999755859375,13.297506713867188,683.86,710.46,-0.8600000000000136,-0.8700000000000045,False,0,0,0,0.006616505061604802,0.01909117830708041,0.0,2149992238.0,0.0,0.0,0.0,0.0,0.0,0.0,0.0,0.0,0.0,0.0,0.0,0.0,0.0,0.0,0.0,0.0,0.0,0.0,0.0,0.0,0.0,0.0,0.0,0.0,0.0,0.0,0.0,0.0,0.0,0.0,0.0,0.0,0.0,0.0,0.0,0.0,0.0,0.0,0.0,0.0,0.0,0.0,0.0,0.0,0.0,0.0,0.0,0.0,0.0,0.0,0.0,0.0,0.0,0.0,0.0,0.0,0.0,0.0,0.0,0.0,0.0,0.0,0.0,0.0,1,0.7734375,1,1.0,1,0.7544075,0,0,3,0.842615008354187,Up,0.842615008354187,705.1876518271425,761.5521457731044,0.006616505061604802
2021-08-30,995.2999877929688,1012.0,991.2999877929688,1005.0999755859375,1005.0999755859375,2868371.0,INDUSINDBK.NS,0,1,[],0.0,0.0,2021-08-31 00:00:00,996.4928501674107,1010.9599975585937,1012.7390002441406,981.4895007324219,2600572.1428571427,3134167.55,1000.609742335025,1005.8863660358493,2544106.467914315,2881679.034629284,14.89996337890625,499402.0,1.5,21.1,3.5999755859375,897120.0,-0.45001220703125,763184.0,0.04998779296875,358308.0,16.5,-46607.0,0.0,0.0,49.733927310794535,14.89996337890625,3.5999755859375,0,1,1,1,1,0,1,1,1,1,0,1,1,1,0,0,1,1,0,1,0,1,0,0,1042.800048828125,979.4500122070312,0.4048926369580905,1109.75,490.25,0.8310734069183817,1005.5499877929688,979.4500122070312,0.9827581368591887,0.0,0.0,0,0,0,0.9151938925537022,1.1029768998635192,1010.9599975585937,19.49051692522065,981.72,1040.2,20.70001220703125,22.477502441406266,988.48,1033.44,-6.759999999999991,-6.759999999999991,False,0,0,0,0.0,0.03916875354675995,49.27958956161797,448057384.0,22.467364007781345,19.491254037890805,-20.554557676258298,0.0,0.0,0.0,0.0,0.0,0.0,0.0,0.0,0.0,0.0,0.0,0.0,0.0,0.0,0.0,0.0,0.0,0.0,0.0,0.0,0.0,0.0,0.0,0.0,0.0,0.0,0.0,0.0,0.0,0.0,0.0,0.0,0.0,0.0,0.0,0.0,0.0,0.0,0.0,0.0,0.0,0.0,0.0,0.0,0.0,0.0,0.0,0.0,0.0,0.0,0.0,0.0,0.0,0.0,0.0,0.0,0.0,0.0,0.0,0.0,0.0,0,0.4609375,0,0.0,1,0.53090787,0,0,1,0.3306151231129964,-,0.0,0.0,0.0,0.0
2021-08-30,1703.050048828125,1718.6500244140625,1690.4000244140625,1698.050048828125,1698.050048828125,6557972.0,INFY.NS,0,1,[],0.0,0.0,2021-08-31 00:00:00,1723.2357177734375,1695.0900024414063,1616.8990014648436,1498.6275073242186,6386340.142857143,6023889.05,1715.2184968553831,1690.5758895743993,6390946.784847713,6145774.058888491,-10.75,-140542.0,-0.6,-2.1,-29.64990234375,1262292.0,-37.5,404719.0,-22.7999267578125,-1044967.0,-40.699951171875,368921.0,0.0,0.0,52.226909074394314,-10.75,-29.64990234375,0,0,0,0,1,0,1,0,0,0,1,0,0,0,1,1,1,1,1,0,1,1,1,0,1741.6500244140625,1663.300048828125,0.4435227929571562,1741.6500244140625,914.1500244140624,0.947311207751133,1738.75,1698.050048828125,0.0,0.0,0.0,0,0,0,1.0886608212015458,1.0268748380611734,1695.0900024414063,35.58254762835056,1641.72,1748.46,28.25,27.27249755859375,1667.82,1722.36,-26.09999999999991,-26.100000000000136,False,0,0,0,0.010477473161909197,0.014015185086152564,57.91920013184734,601275114.0,27.74965388129673,39.80020802768888,173.1586285900588,0.0,0.0,0.0,0.0,0.0,0.0,0.0,0.0,0.0,0.0,0.0,0.0,0.0,0.0,0.0,0.0,0.0,0.0,0.0,0.0,0.0,0.0,0.0,0.0,0.0,0.0,0.0,0.0,0.0,0.0,0.0,0.0,0.0,0.0,0.0,0.0,0.0,0.0,0.0,0.0,0.0,0.0,0.0,0.0,0.0,0.0,0.0,0.0,0.0,0.0,0.0,-1.0,0.0,0.0,0.0,0.0,0.0,0.0,0.0,0.0,0.0,1,0.6484375,1,1.0,1,0.58686775,0,0,3,0.7451017498970032,Up,0.7451017498970032,1683.2683806791333,1825.8373843670095,0.010477473161909197
2021-08-30,106.4000015258789,108.19999694824219,106.0999984741211,107.3499984741211,107.3499984741211,12826068.0,IOC.NS,0,1,[],0.0,0.0,2021-08-31 00:00:00,105.34285627092633,105.16749954223633,106.78399993896484,104.01849967956542,9033226.42857143,10777131.45,105.91559951171945,105.51904393908808,9762082.98223321,10478962.449468866,1.4000015258789062,7255263.0,1.3,130.2,1.75,4875994.0,1.25,5284410.0,1.4499969482421875,927676.0,4.349998474121094,5871319.0,0.0,0.0,58.786989845541314,1.4000015258789062,1.75,0,1,1,1,1,1,1,1,1,1,1,1,1,1,1,1,1,1,1,1,1,1,1,0,107.3499984741211,102.25,1.0,116.69999694824219,72.0,0.7908277603475591,107.3499984741211,103.0,1.0,0.0,0.0,0,0,0,1.1901189161054542,1.419876729695615,105.16749954223633,1.3340944278575966,103.17,107.17,2.0999984741210938,2.2124988555908205,102.96,107.38,0.21000000000000796,0.20999999999999375,True,1,1,0,0.006213760814254726,0.028104796809847846,55.72980441442185,725443245.0,2.2116062929817804,24.831201620915202,146.21682662838526,0.0,0.0,0.0,0.0,0.0,0.0,0.0,0.0,0.0,0.0,0.0,0.0,0.0,0.0,0.0,0.0,0.0,0.0,0.0,0.0,0.0,0.0,0.0,0.0,0.0,0.0,0.0,0.0,0.0,0.0,0.0,0.0,0.0,0.0,0.0,0.0,0.0,0.0,0.0,0.0,0.0,0.0,0.0,0.0,0.0,0.0,0.0,0.0,0.0,0.0,0.0,0.0,0.0,0.0,0.0,0.0,0.0,0.0,0.0,0.0,0.0,1,0.6484375,1,1.0,1,0.6511559,0,0,3,0.7665311296780905,Up,0.7665311296780905,105.47605444017535,114.46455281935617,0.006213760814254726
2021-08-30,206.0,208.1999969482422,206.0,208.0,208.0,12073942.0,ITC.NS,0,1,[],0.0,0.0,2021-08-31 00:00:00,206.5499986921038,209.1424987792969,206.64999969482423,207.37350006103514,12815170.57142857,16489212.3,206.97657046146293,207.91233407776986,12575534.131385123,15498781.83953286,2.100006103515625,1597558.0,1.0,15.2,3.399993896484375,-2647569.0,1.600006103515625,1487048.0,2.25,-416152.0,1.6999969482421875,2137577.0,0.0,0.0,50.393565224937156,2.100006103515625,3.399993896484375,0,1,1,1,0,1,1,1,0,1,1,1,1,1,0,1,1,0,0,1,1,0,0,0,213.8000030517578,204.60000610351562,0.36956467655502867,234.35000610351562,163.85000610351562,0.6262410481770834,208.89999389648438,204.60000610351562,0.7906984996664348,0.0,0.0,0,0,0,0.7322327944070439,0.9421600697940657,209.1424987792969,2.8857304322827546,204.81,213.47,2.1999969482421875,3.642499542236327,205.5,212.78,-0.6899999999999977,-0.6899999999999977,False,0,0,0,-0.006936852000679699,0.026113316180820238,50.17085048313594,189043463.0,3.3381302676511075,17.217108795776042,4.840338396287052,0.0,0.0,1.0,0.0,0.0,0.0,0.0,0.0,0.0,1.0,0.0,1.0,0.0,0.0,0.0,0.0,0.0,0.0,0.0,0.0,0.0,0.0,0.0,0.0,0.0,0.0,0.0,0.0,0.0,0.0,0.0,0.0,0.0,0.0,0.0,0.0,0.0,0.0,1.0,1.0,0.0,0.0,0.0,0.0,0.0,0.0,0.0,0.0,0.0,0.0,0.0,0.0,0.0,0.0,0.0,0.0,0.0,0.0,0.0,0.0,0.0,0,0.4609375,0,0.0,0,0.4085871,0,0,0,0.28984153270721436,Down,0.7101584672927856,211.15788939861082,195.06825446287897,-0.006936852000679699
2021-08-30,683.0499877929688,694.0,683.0499877929688,686.5499877929688,686.5499877929688,5887312.0,JSWSTEEL.NS,0,1,[],0.0,0.0,2021-08-31 00:00:00,682.9071393694196,724.7549987792969,705.7340014648438,695.2415008544922,7893332.285714285,7371585.6,690.5675245288144,709.1812954249053,6639507.065315859,7444605.077089061,9.04998779296875,909035.0,1.3,18.3,14.54998779296875,230418.0,2.70001220703125,347903.0,-5.10003662109375,-2396542.0,2.3499755859375,-5894049.0,0.0,0.0,39.464839249792504,9.04998779296875,14.54998779296875,0,1,1,1,1,1,1,0,0,1,0,1,1,1,0,0,0,0,0,0,0,0,0,0,761.6500244140625,672.0,0.16229764451337328,763.25,258.54998779296875,0.8480285112900524,691.6500244140625,672.0,0.7404564740670796,0.0,0.0,0,0,0,0.7986493435008067,0.7458588827756722,724.7549987792969,32.81629940566767,675.53,773.98,10.95001220703125,21.742498779296874,703.01,746.5,-27.480000000000018,-27.480000000000018,False,0,0,0,0.0,0.017198609167497297,41.913427530713896,993927437.0,22.31624910329685,24.031824371819567,308.484443249066,0.0,0.0,0.0,0.0,0.0,0.0,0.0,0.0,0.0,0.0,0.0,0.0,0.0,0.0,0.0,0.0,0.0,0.0,0.0,0.0,0.0,0.0,0.0,0.0,0.0,0.0,0.0,0.0,-1.0,0.0,0.0,0.0,0.0,0.0,0.0,0.0,0.0,0.0,0.0,0.0,0.0,0.0,0.0,0.0,0.0,0.0,0.0,0.0,0.0,-1.0,0.0,0.0,0.0,0.0,0.0,0.0,0.0,0.0,0.0,0.0,0.0,0,0.5,1,1.0,1,0.5495124,0,0,2,0.6831707954406738,-,0.0,0.0,0.0,0.0
2021-08-30,1715.949951171875,1739.550048828125,1715.949951171875,1735.8499755859375,1735.8499755859375,2559939.0,KOTAKBANK.NS,0,1,[],0.0,0.0,2021-08-31 00:00:00,1709.9142892020088,1744.4949890136718,1732.7189965820312,1749.5194982910157,3851650.714285714,3399398.3,1722.0634910586452,1732.5035891019793,3374482.912379696,3314813.4920122116,22.2999267578125,-1101376.0,1.3,-30.1,38.3499755859375,-1822170.0,38.6500244140625,-353871.0,30.949951171875,-2148032.0,19.0,-533230.0,0.0,0.0,51.19950269917406,22.2999267578125,38.3499755859375,0,1,0,1,0,1,0,1,0,1,0,1,1,1,0,1,0,0,0,1,1,0,0,0,1813.25,1697.199951171875,0.3330461710645621,2019.6500244140625,1246.0999755859375,0.6331199910619068,1735.8499755859375,1697.199951171875,1.0,0.0,0.0,0,0,0,0.753056504146631,0.6646342542186459,1744.4949890136718,43.282140786996976,1679.57,1809.42,23.60009765625,32.720001220703125,1711.77,1777.21,-32.200000000000045,-32.210000000000036,False,0,0,0,0.01246713177859367,0.022846478050358016,50.41486647077682,204538631.0,33.25591647768028,20.306888487572305,295.48278874335205,0.0,0.0,0.0,0.0,0.0,0.0,0.0,0.0,0.0,1.0,0.0,0.0,0.0,0.0,0.0,0.0,0.0,0.0,0.0,0.0,0.0,0.0,0.0,0.0,0.0,0.0,0.0,0.0,2.0,0.0,0.0,0.0,0.0,0.0,0.0,0.0,0.0,0.0,1.0,0.0,0.0,0.0,0.0,0.0,0.0,0.0,0.0,0.0,0.0,0.0,0.0,0.0,0.0,0.0,0.0,0.0,0.0,0.0,0.0,0.0,0.0,1,0.5703125,1,1.0,1,0.58489,0,0,3,0.7184008359909058,Up,0.7184008359909058,1711.2176411971557,1873.7568366223638,0.01246713177859367
2021-08-30,1646.699951171875,1684.949951171875,1645.0999755859375,1660.0999755859375,1660.0999755859375,3345256.0,LT.NS,0,1,[],0.0,0.0,2021-08-31 00:00:00,1609.7000034877233,1618.294989013672,1571.7569897460937,1495.2239978027344,2580613.714285714,2116267.9,1624.2730682075755,1612.9208885667679,2858848.3391007744,2453670.5527584106,22.0,-1557931.0,1.3,-31.8,64.3499755859375,1294619.0,66.2999267578125,1549943.0,54.2999267578125,1765253.0,79.3499755859375,1371415.0,0.0,0.0,63.11019786480615,22.0,64.3499755859375,0,1,0,1,1,1,1,1,1,1,1,1,1,1,1,1,1,1,1,1,1,1,1,0,1668.4000244140625,1580.75,0.905304660396725,1668.4000244140625,850.7000122070312,0.9898495185224193,1660.0999755859375,1580.75,1.0,0.0,0.0,0,0,0,1.5807337057846031,1.2963024963718488,1618.294989013672,26.17445520297116,1579.03,1657.56,39.8499755859375,35.419982910156236,1582.88,1653.71,-3.8500000000001364,-3.849999999999909,False,0,0,0,0.00788339726158143,0.020087420564620477,61.20378208601974,165231901.0,38.149349206000274,19.183131537159255,280.37521216607956,0.0,0.0,0.0,0.0,0.0,0.0,0.0,0.0,0.0,0.0,0.0,0.0,0.0,0.0,0.0,0.0,0.0,0.0,0.0,0.0,0.0,0.0,0.0,0.0,0.0,0.0,0.0,0.0,0.0,0.0,0.0,0.0,0.0,0.0,0.0,0.0,0.0,0.0,0.0,0.0,0.0,0.0,0.0,0.0,0.0,0.0,0.0,0.0,0.0,-1.0,0.0,0.0,0.0,0.0,0.0,0.0,0.0,0.0,0.0,0.0,0.0,1,0.65625,1,1.0,1,0.58360577,0,0,3,0.7466185887654623,Up,0.7466185887654623,1639.3874747232599,1775.960432637081,0.00788339726158143
2021-08-30,783.9500122070312,794.1500244140625,783.0,791.5499877929688,791.5499877929688,3028186.0,M&M.NS,0,1,[],0.0,0.0,2021-08-31 00:00:00,778.5500139508929,776.9175048828125,0.0,0.0,2490008.0,3322043.65,781.2641024881561,777.2795680255463,2778548.1913996697,3017764.7995243743,16.39996337890625,121061.0,2.1,4.2,10.14996337890625,453202.0,19.5,1334743.0,13.39996337890625,1365810.0,25.64996337890625,515226.0,0.0,0.0,58.41970576097773,16.39996337890625,10.14996337890625,0,1,1,1,1,1,1,1,1,1,1,1,1,1,1,0,0,1,0,1,1,1,1,0,799.2999877929688,765.9000244140625,0.767963817442551,0.0,0.0,0.0,791.5499877929688,765.9000244140625,1.0,0.0,0.0,0,0,0,0.9115431099166924,1.216135048562093,776.9175048828125,11.773400339484878,759.26,794.58,11.1500244140625,17.172503662109374,759.75,794.09,-0.4900000000000091,-0.4900000000000091,False,0,0,0,0.007436927876350515,0.024332145591226945,0.0,346304889.0,0.0,0.0,0.0,0.0,0.0,0.0,0.0,0.0,0.0,0.0,0.0,0.0,0.0,0.0,0.0,0.0,0.0,0.0,0.0,0.0,0.0,0.0,0.0,0.0,0.0,0.0,0.0,0.0,0.0,0.0,0.0,0.0,0.0,0.0,0.0,0.0,0.0,0.0,0.0,0.0,0.0,0.0,0.0,0.0,0.0,0.0,0.0,0.0,0.0,0.0,0.0,0.0,0.0,0.0,0.0,0.0,0.0,0.0,0.0,0.0,0.0,0.0,0.0,0.0,1,0.7421875,1,1.0,1,0.6974781,0,0,3,0.8132218718528748,Up,0.8132218718528748,779.587186832899,846.0488553264388,0.007436927876350515
2021-08-30,6690.0,6810.0,6653.85009765625,6796.89990234375,6796.89990234375,819399.0,MARUTI.NS,0,1,[],0.0,0.0,2021-08-31 00:00:00,6745.971470424107,6920.05751953125,7174.50501953125,7011.351997070313,857665.5714285715,606965.4,6751.507175395733,6892.8501614185825,899634.1171077203,711049.4940040939,172.0498046875,-608989.0,2.6,-42.6,188.2998046875,-372002.0,85.44970703125,97205.0,-6.30029296875,172406.0,-29.0,282097.0,0.0,0.0,42.87090160283593,172.0498046875,188.2998046875,0,1,0,1,0,1,1,0,1,0,1,1,1,1,0,0,0,0,1,1,0,0,1,0,7081.75,6608.60009765625,0.39797071447073357,8232.75,6297.7001953125,0.2579777046678486,6850.89990234375,6608.60009765625,0.7771356024424159,0.0,0.0,0,0,0,1.3499929320518105,0.9553828756763166,6920.05751953125,166.23817047752783,6670.7,7169.41,156.14990234375,131.472509765625,6788.59,7051.53,-117.89000000000033,-117.88000000000011,False,0,0,0,0.012228970035310108,0.027203555033732812,41.22743089539428,37071846.0,138.64487614393354,18.33260765619709,1.9087205769881166,0.0,0.0,1.0,0.0,0.0,0.0,0.0,0.0,0.0,0.0,0.0,1.0,0.0,0.0,0.0,0.0,0.0,0.0,0.0,0.0,0.0,0.0,0.0,0.0,0.0,0.0,0.0,0.0,-1.0,0.0,0.0,0.0,0.0,0.0,0.0,0.0,0.0,0.0,0.0,0.0,0.0,0.0,0.0,0.0,0.0,0.0,0.0,0.0,0.0,0.0,0.0,0.0,0.0,0.0,0.0,0.0,0.0,0.0,0.0,0.0,0.0,1,0.515625,1,1.0,1,0.5380861,0,0,3,0.6845703721046448,Up,0.6845703721046448,6682.055280882768,7333.478749680125,0.012228970035310108
2021-08-30,20050.0,20122.5,19684.25,19742.25,19742.25,133914.0,NESTLEIND.NS,0,1,[],0.0,0.0,2021-08-31 00:00:00,19862.04268973214,18815.2701171875,18150.7330078125,17688.96,101044.28571428571,63616.55,19687.122852696877,19039.340817921813,87667.95511469059,74972.00827604193,-215.099609375,98810.0,-1.1,281.5,-310.44921875,70714.0,-167.599609375,33755.0,-37.599609375,50830.0,-278.80078125,-14828.0,0.0,0.0,68.01219561195276,-215.099609375,-310.44921875,0,0,1,0,1,0,1,0,1,0,0,0,0,0,1,1,1,1,1,1,1,1,1,0,20052.69921875,18133.849609375,0.838210760638444,20052.69921875,15199.25,0.9360353421334537,20052.69921875,19571.25,0.3551776456174798,0.0,0.0,0,0,0,2.1050182696169473,1.3253000805870128,18815.2701171875,828.8636764043242,17571.97,20058.57,438.25,380.00224609375,18435.27,19195.27,-863.2999999999993,-863.2999999999993,False,0,0,0,0.0,0.017586071212872142,68.30632856335414,2763128.0,374.02421826124237,19.677005660906346,166.67863558723428,0.0,0.0,0.0,0.0,-1.0,0.0,0.0,0.0,0.0,0.0,0.0,0.0,0.0,0.0,0.0,0.0,0.0,0.0,0.0,0.0,0.0,0.0,0.0,0.0,0.0,0.0,0.0,0.0,0.0,0.0,0.0,0.0,0.0,0.0,0.0,0.0,0.0,0.0,-1.0,0.0,0.0,0.0,0.0,0.0,0.0,0.0,0.0,0.0,0.0,0.0,0.0,0.0,0.0,0.0,0.0,0.0,0.0,0.0,0.0,0.0,0.0,1,0.515625,0,0.0,0,0.4800774,0,0,1,0.3319007953008016,-,0.0,0.0,0.0,0.0
2021-08-30,113.25,115.5,113.25,114.94999694824219,114.94999694824219,9915028.0,NTPC.NS,0,1,[],0.0,0.0,2021-08-31 00:00:00,113.7999997820173,116.10999984741211,117.25399993896484,112.97050018310547,9844339.285714285,10079908.5,114.3771034842511,115.70460731254124,9694916.808052324,10167772.772782292,1.5499954223632812,1819311.0,1.4,22.5,2.1999969482421875,-1745377.0,0.9499969482421875,423070.0,1.0,-1876050.0,1.5499954223632812,3643343.0,0.0,0.0,46.53566994218345,1.5499954223632812,2.1999969482421875,0,1,1,1,0,1,1,1,0,1,1,1,1,1,0,0,1,1,0,1,0,1,0,0,119.1500015258789,112.75,0.34374944120658846,121.4000015258789,79.0,0.847877256001985,114.94999694824219,112.75,1.0,0.0,0.0,0,0,0,0.9836426590578674,1.0071806458751675,116.10999984741211,2.0291689511266315,113.07,119.15,2.25,2.4775005340576173,113.63,118.59,-0.5600000000000023,-0.5600000000000023,False,0,0,0,0.008826311461497005,0.02415068502326411,46.22043881582678,694161397.0,2.5279270465684545,20.634925335595014,-32.06885258610174,0.0,0.0,0.0,0.0,0.0,0.0,0.0,0.0,0.0,1.0,0.0,0.0,0.0,0.0,0.0,0.0,0.0,0.0,0.0,0.0,0.0,0.0,0.0,0.0,0.0,0.0,0.0,0.0,-1.0,0.0,0.0,0.0,0.0,0.0,0.0,0.0,0.0,0.0,1.0,0.0,0.0,0.0,0.0,0.0,0.0,0.0,0.0,0.0,0.0,0.0,0.0,0.0,0.0,0.0,0.0,0.0,0.0,0.0,0.0,0.0,0.0,1,0.625,1,1.0,1,0.5453649,0,0,3,0.7234549721082052,Up,0.7234549721082052,113.22569808506071,123.20080663440635,0.008826311461497005
2021-08-30,116.75,120.4000015258789,116.75,120.1500015258789,120.1500015258789,15929376.0,ONGC.NS,0,1,[],0.0,0.0,2021-08-31 00:00:00,114.73571450369698,115.53749961853028,117.18700012207032,114.8695001220703,15883353.142857144,13390499.55,116.17927523971568,115.58856626712534,14102954.547002923,14144892.92842788,3.5,6222551.0,3.0,64.1,4.599998474121094,7152132.0,4.5,-2707941.0,6.950004577636719,-1439226.0,8.400001525878906,-956651.0,0.0,0.0,67.7954260245688,3.5,4.599998474121094,0,1,1,1,1,1,0,1,0,1,0,1,1,1,1,1,1,1,1,1,1,1,1,0,120.1500015258789,110.19999694824219,1.0,126.69999694824219,64.40000152587889,0.8948636291550659,120.1500015258789,110.19999694824219,1.0,0.0,0.0,0,0,0,1.1896028180666343,1.0028975529744204,115.53749961853028,2.2609901863594355,112.15,118.93,3.6500015258789062,2.6999992370605503,112.84,118.24,-0.6899999999999977,-0.6900000000000119,False,0,0,0,0.0,0.027347196513240694,62.3393325603046,1920782436.0,2.878781852846162,21.342082888335938,15.373151135381022,0.0,0.0,0.0,0.0,1.0,0.0,0.0,0.0,0.0,1.0,0.0,1.0,0.0,0.0,0.0,0.0,0.0,0.0,0.0,0.0,0.0,0.0,0.0,0.0,0.0,0.0,0.0,0.0,0.0,0.0,0.0,0.0,0.0,0.0,0.0,0.0,0.0,0.0,1.0,1.0,0.0,0.0,0.0,0.0,0.0,0.0,0.0,0.0,0.0,0.0,0.0,0.0,0.0,0.0,0.0,0.0,0.0,0.0,0.0,0.0,0.0,1,0.5078125,0,0.0,1,0.60847163,0,0,2,0.37209471066792804,-,0.0,0.0,0.0,0.0
2021-08-30,175.1999969482422,176.35000610351562,172.8000030517578,175.5,175.5,10882578.0,POWERGRID.NS,0,1,[],0.0,0.0,2021-08-31 00:00:00,175.61428833007812,177.09500122070312,0.0,0.0,9593591.42857143,13588049.2,175.99673583783516,183.5128743287386,10337725.95353252,12051635.593171988,1.149993896484375,4843803.0,0.7,80.2,2.399993896484375,1796813.0,0.0,1881564.0,-1.100006103515625,2610480.0,-0.149993896484375,1048019.0,0.0,0.0,46.96897823467063,1.149993896484375,2.399993896484375,0,1,1,1,1,0,1,0,1,0,1,1,1,0,0,0,0,1,0,0,0,1,0,0,187.0,172.60000610351562,0.20138855039323186,0.0,0.0,0.0,178.60000610351562,173.10000610351562,0.4363625266335227,0.0,0.0,0,0,0,0.8008933320612351,1.1343591272388085,177.09500122070312,4.166024459574233,170.85,183.34,3.5500030517578125,3.9574989318847655,173.14,181.05,-2.289999999999992,-2.289999999999992,False,0,0,0,0.0,0.030516540159487522,0.0,802416972.0,0.0,0.0,0.0,0.0,0.0,0.0,0.0,0.0,0.0,0.0,0.0,0.0,0.0,0.0,0.0,0.0,0.0,0.0,0.0,0.0,0.0,0.0,0.0,0.0,0.0,0.0,0.0,0.0,0.0,0.0,0.0,-1.0,0.0,0.0,0.0,0.0,0.0,0.0,0.0,0.0,0.0,0.0,0.0,0.0,0.0,0.0,0.0,0.0,0.0,0.0,0.0,0.0,0.0,0.0,0.0,0.0,0.0,0.0,0.0,0.0,0.0,0.0,0.0,0.0,0,0.4140625,0,0.0,1,0.5272673,0,0,1,0.3137765924135844,-,0.0,0.0,0.0,0.0
2021-08-30,2250.0,2275.85009765625,2236.800048828125,2270.25,2270.25,6470609.0,RELIANCE.NS,0,1,[],0.0,0.0,2021-08-31 00:00:00,2203.5714285714284,2148.067492675781,2126.3009985351564,0.0,5775323.428571428,5896907.25,2214.0969741893496,2164.817915822253,6064739.237639172,5897353.867215769,42.85009765625,1633797.0,1.9,33.8,39.800048828125,-2100626.0,67.64990234375,295483.0,86.550048828125,995157.0,107.89990234375,1922807.0,0.0,0.0,77.00390914832882,42.85009765625,39.800048828125,0,1,1,1,0,1,1,1,1,1,1,1,1,1,1,1,0,1,1,1,1,1,1,0,2270.25,2077.14990234375,1.0,0.0,0.0,0.0,2270.25,2148.25,1.0,0.0,0.0,0,0,0,1.0972885829262449,1.1203890275631812,2148.067492675781,56.172390993607785,2063.81,2232.33,39.050048828125,38.85747680664061,2109.21,2186.92,-45.40000000000009,-45.409999999999854,False,0,0,0,0.0,0.01970500538788302,0.0,662423467.0,0.0,0.0,0.0,0.0,0.0,0.0,0.0,0.0,0.0,0.0,0.0,0.0,0.0,0.0,0.0,0.0,0.0,0.0,0.0,0.0,0.0,0.0,0.0,0.0,0.0,0.0,0.0,0.0,0.0,0.0,0.0,-1.0,0.0,0.0,0.0,0.0,0.0,0.0,0.0,0.0,0.0,0.0,0.0,0.0,0.0,0.0,0.0,0.0,0.0,0.0,0.0,0.0,0.0,0.0,0.0,0.0,0.0,0.0,0.0,0.0,0.0,0.0,0.0,0.0,0,0.484375,0,0.0,1,0.5310855,0,0,1,0.3384868303934733,-,0.0,0.0,0.0,0.0
2021-08-30,1189.5,1199.0,1176.550048828125,1180.699951171875,1180.699951171875,1690286.0,SBILIFE.NS,0,1,[],0.0,0.0,2021-08-31 00:00:00,1156.2642996651787,1140.7549987792968,1076.4359985351562,1017.1119995117188,1495408.4285714286,1789642.9,1161.0879530438647,1136.239353013528,1620525.8475344277,1696569.0591795822,-3.35009765625,-779252.0,-0.3,-31.6,28.89990234375,866477.0,24.5499267578125,796355.0,20.2999267578125,479068.0,45.25,438880.0,0.0,0.0,70.19154223439742,-3.35009765625,28.89990234375,0,0,0,1,1,1,1,1,1,1,1,0,1,1,1,1,1,1,0,1,1,1,0,0,1184.050048828125,1114.050048828125,0.9521414620535714,1184.050048828125,761.5,0.9920717139530786,1184.050048828125,1125.300048828125,0.9429770611702127,0.0,0.0,0,0,0,0.9444822763245115,1.1303172883776902,1140.7549987792968,19.00325754512173,1112.25,1169.26,22.449951171875,28.589996337890597,1112.17,1169.34,0.07999999999992724,0.07999999999992724,True,1,1,0,0.0,0.018371632717417822,68.89215156603939,106372170.0,28.341901273570336,25.631634838179863,226.4483545247149,0.0,0.0,0.0,0.0,0.0,0.0,0.0,0.0,0.0,0.0,0.0,0.0,0.0,0.0,0.0,0.0,0.0,0.0,0.0,0.0,0.0,0.0,0.0,0.0,0.0,0.0,0.0,0.0,0.0,0.0,0.0,0.0,0.0,0.0,0.0,0.0,0.0,0.0,0.0,0.0,0.0,0.0,0.0,0.0,0.0,0.0,0.0,0.0,0.0,0.0,0.0,0.0,0.0,0.0,0.0,0.0,0.0,0.0,0.0,0.0,0.0,0,0.5,0,0.0,1,0.5121664,0,0,1,0.3373887936274211,-,0.0,0.0,0.0,0.0
2021-08-30,414.3999938964844,423.29998779296875,413.5,422.70001220703125,422.70001220703125,20292157.0,SBIN.NS,0,1,[],0.0,0.0,2021-08-31 00:00:00,413.70714896065846,426.2050033569336,425.9420007324219,404.3735003662109,19827170.42857143,29649707.75,416.9352750280252,421.8096877269877,19175225.17618986,23330080.133833777,10.25,5201616.0,2.5,34.5,11.95001220703125,4409682.0,6.45001220703125,3881177.0,5.100006103515625,1279844.0,13.20001220703125,-6267780.0,0.0,0.0,51.15740190871891,10.25,11.95001220703125,0,1,1,1,1,1,1,1,1,1,0,1,1,1,0,0,1,1,0,1,1,1,0,0,433.3999938964844,406.70001220703125,0.5992513472891342,456.95001220703125,176.35000610351562,0.8779401309515121,422.70001220703125,406.70001220703125,1.0,0.0,0.0,0,0,0,0.6843965266403005,1.0234519884268767,426.2050033569336,12.95147629402118,406.78,445.63,9.79998779296875,11.055000305175781,415.15,437.26,-8.370000000000005,-8.370000000000005,False,0,0,0,0.01531993839602466,0.02210143233667725,49.81268698167081,3820505053.0,10.136393245006944,17.872203775239317,24.972392215717413,0.0,0.0,0.0,0.0,0.0,0.0,0.0,0.0,0.0,0.0,0.0,1.0,0.0,0.0,0.0,0.0,0.0,0.0,0.0,0.0,0.0,0.0,0.0,0.0,0.0,0.0,0.0,0.0,0.0,0.0,0.0,0.0,0.0,0.0,0.0,0.0,0.0,0.0,1.0,0.0,0.0,0.0,0.0,0.0,0.0,0.0,0.0,0.0,0.0,0.0,0.0,0.0,0.0,0.0,0.0,0.0,0.0,0.0,0.0,0.0,0.0,1,0.6796875,1,1.0,1,0.5574699,0,0,3,0.7457191348075867,Up,0.7457191348075867,416.8973564812509,458.82199947451545,0.01531993839602466
2021-08-30,26900.099609375,27420.0,26830.80078125,27157.849609375,27157.849609375,41355.0,SHREECEM.NS,0,1,[],0.0,0.0,2021-08-31 00:00:00,26487.135602678572,27201.58505859375,27674.4449609375,28035.336484375,40461.57142857143,54564.35,26683.66250048865,26963.461842529898,43253.746093892536,47998.77800312445,260.099609375,-2247.0,1.0,-5.2,601.798828125,-8049.0,869.599609375,17430.0,924.900390625,10291.0,1171.900390625,-16997.0,0.0,0.0,54.59591626896698,260.099609375,601.798828125,0,1,0,1,0,1,1,1,1,1,0,1,1,1,0,0,0,1,0,1,1,0,0,0,28272.94921875,25978.55078125,0.5139904250501391,31748.75,18341.94921875,0.6575692840125158,27157.849609375,25985.94921875,1.0,0.0,0.0,0,0,0,0.7579124464966595,1.0220809162838813,27201.58505859375,1187.7657230355994,25419.94,28983.23,589.19921875,686.50244140625,26515.08,27888.09,-1095.140000000003,-1095.1399999999994,False,0,0,0,0.021867816121670727,0.021837309381688694,50.401307231956615,2666428.0,621.768501898274,15.859778801004742,62.9735258841572,0.0,0.0,0.0,0.0,0.0,0.0,0.0,0.0,-1.0,0.0,0.0,0.0,0.0,0.0,0.0,0.0,0.0,0.0,0.0,0.0,0.0,0.0,0.0,0.0,0.0,0.0,0.0,0.0,0.0,0.0,0.0,0.0,0.0,0.0,0.0,0.0,0.0,0.0,0.0,0.0,0.0,0.0,0.0,0.0,0.0,0.0,0.0,0.0,0.0,0.0,0.0,0.0,0.0,0.0,0.0,0.0,0.0,0.0,0.0,0.0,0.0,1,0.515625,1,1.0,1,0.5336941,0,0,3,0.6831063628196716,Up,0.6831063628196716,26789.49286151084,29853.20203518757,0.021867816121670727
2021-08-30,769.0,794.9500122070312,768.1500244140625,787.2000122070312,787.2000122070312,3615858.0,SUNPHARMA.NS,0,1,[],0.0,0.0,2021-08-31 00:00:00,768.6357073102679,778.6924987792969,721.1689990234376,693.5729998779296,3055033.5714285714,5079297.75,773.7634852491535,764.6175261713369,3083071.29348205,4270484.909039756,15.4000244140625,1182996.0,2.0,48.6,26.6500244140625,1880410.0,18.1500244140625,1361006.0,15.85003662109375,883321.0,27.85003662109375,1240441.0,0.0,0.0,63.962905460293335,15.4000244140625,26.6500244140625,0,1,1,1,1,1,1,1,1,1,1,1,1,1,1,1,1,1,0,1,1,1,0,0,793.3499755859375,759.3499755859375,0.8191187241498161,794.7999877929688,456.3500061035156,0.9775447599435508,787.2000122070312,759.3499755859375,1.0,0.0,0.0,0,0,0,0.7118814800727128,1.1835739004037131,778.6924987792969,10.433946243634104,763.04,794.34,26.79998779296875,19.81750793457031,758.87,798.51,4.169999999999959,4.169999999999959,True,1,1,0,0.0,0.016871661832738444,64.0171387522263,688021174.0,19.784268184609306,21.550849748132205,286.7980622913434,0.0,0.0,0.0,0.0,0.0,0.0,0.0,0.0,0.0,1.0,0.0,0.0,0.0,0.0,0.0,0.0,0.0,0.0,0.0,0.0,0.0,0.0,0.0,0.0,0.0,0.0,0.0,0.0,2.0,0.0,0.0,0.0,0.0,0.0,0.0,0.0,0.0,0.0,0.0,0.0,0.0,0.0,0.0,0.0,0.0,0.0,0.0,0.0,0.0,0.0,0.0,0.0,0.0,0.0,0.0,0.0,0.0,0.0,0.0,0.0,0.0,0,0.4609375,1,1.0,1,0.52455175,0,0,2,0.6618297497431437,-,0.0,0.0,0.0,0.0
2021-08-30,290.1000061035156,293.5,289.8999938964844,291.95001220703125,291.95001220703125,17202876.0,TATAMOTORS.NS,0,1,[],0.0,0.0,2021-08-31 00:00:00,283.75,294.0225036621094,308.3970001220703,312.335500793457,24963614.285714287,23367982.7,287.60242570036036,292.8083330963374,21569443.480235323,25233115.852929663,6.20001220703125,3725486.0,2.2,27.6,7.6500244140625,-657863.0,7.550018310546875,-14335252.0,12.1500244140625,-20386245.0,15.0,-7295418.0,0.0,0.0,49.416379478030706,6.20001220703125,7.6500244140625,0,1,1,1,0,1,0,1,0,1,0,1,1,1,0,0,0,0,0,1,0,0,0,0,307.25,276.95001220703125,0.4950497043923172,355.95001220703125,120.9000015258789,0.7277175192864951,291.95001220703125,276.95001220703125,1.0,0.0,0.0,0,0,0,0.7361729174850853,0.6891180020292391,294.0225036621094,8.899743032877197,280.67,307.37,3.600006103515625,7.907499694824219,286.12,301.93,-5.449999999999989,-5.439999999999998,False,0,0,0,0.0,0.028509118521391413,46.46257592261044,4363111048.0,8.682729128626542,21.591050289041153,-43.43298377126132,0.0,0.0,0.0,0.0,1.0,0.0,0.0,0.0,0.0,0.0,0.0,0.0,0.0,0.0,0.0,0.0,0.0,0.0,0.0,0.0,0.0,0.0,0.0,0.0,0.0,0.0,0.0,0.0,-1.0,0.0,0.0,0.0,0.0,0.0,0.0,0.0,0.0,0.0,0.0,0.0,0.0,0.0,0.0,0.0,0.0,0.0,0.0,0.0,0.0,0.0,1.0,0.0,0.0,0.0,0.0,0.0,0.0,0.0,0.0,0.0,0.0,1,0.6640625,0,0.0,1,0.5618744,0,0,2,0.4086456298828125,-,0.0,0.0,0.0,0.0
2021-08-30,1399.0,1445.0,1398.0,1440.5999755859375,1440.5999755859375,13441413.0,TATASTEEL.NS,0,1,[],0.0,0.0,2021-08-31 00:00:00,1389.8428606305804,1423.5174865722656,1302.5919946289061,1180.1664971923828,15775737.0,14758922.7,1409.1553279820835,1400.3232069312437,13611623.033409126,14715356.378720518,56.449951171875,6047332.0,4.1,81.8,65.5499267578125,4285135.0,50.4000244140625,876403.0,35.949951171875,-4166166.0,81.949951171875,-9484316.0,0.0,0.0,56.72929843804448,56.449951171875,65.5499267578125,0,1,1,1,1,1,1,1,0,1,0,1,1,1,1,1,1,0,0,1,1,0,0,0,1519.4000244140625,1358.6500244140625,0.5097975189541213,1519.4000244140625,343.8999938964844,0.9329646560762496,1440.5999755859375,1358.6500244140625,1.0,0.0,0.0,0,0,0,0.9107313096775012,0.8520307482306532,1423.5174865722656,45.29753327725533,1355.57,1491.46,47.0,47.9375,1375.58,1471.45,-20.00999999999999,-20.00999999999999,False,0,0,0,0.015721759699055735,0.015165069844070558,57.27030536955275,1603039378.0,52.088526737025454,20.870036977593983,268.37113230993776,0.0,0.0,0.0,0.0,0.0,0.0,0.0,0.0,0.0,1.0,0.0,1.0,0.0,0.0,0.0,0.0,0.0,0.0,0.0,0.0,0.0,0.0,0.0,0.0,0.0,0.0,0.0,0.0,-1.0,0.0,0.0,0.0,0.0,0.0,0.0,0.0,0.0,0.0,1.0,1.0,0.0,0.0,0.0,0.0,0.0,0.0,0.0,0.0,0.0,0.0,0.0,0.0,0.0,0.0,0.0,0.0,0.0,0.0,0.0,0.0,0.0,1,0.5078125,1,1.0,1,0.5893545,0,0,3,0.6990556716918945,Up,0.6990556716918945,1427.0305350597716,1564.9262863224778,0.015721759699055735
2021-08-30,3715.0,3740.35009765625,3687.60009765625,3701.300048828125,3701.300048828125,2032619.0,TCS.NS,0,1,[],0.0,0.0,2021-08-31 00:00:00,3651.771414620536,3466.844970703125,0.0,0.0,2727371.5714285714,2673074.1,3646.8625091475137,3508.4388997880724,2664587.684246312,2604072.01414916,-18.849853515625,-1912109.0,-0.5,-48.5,29.449951171875,133093.0,42.300048828125,-90644.0,88.10009765625,-478522.0,63.900146484375,-1711557.0,0.0,0.0,83.51496122814048,-18.849853515625,29.449951171875,0,0,0,1,1,1,0,1,0,1,0,0,1,1,1,0,0,0,0,1,1,0,0,0,3720.14990234375,3322.699951171875,0.9525730133818195,0.0,0.0,0.0,3720.14990234375,3559.5,0.8826650172790576,0.0,0.0,0,0,0,0.7604050332910711,0.7452666227415919,3466.844970703125,166.99103824851278,3216.36,3717.33,52.75,63.89000244140625,3402.95,3530.73,-186.5899999999997,-186.5999999999999,False,0,0,0,0.02255843028740457,0.015114365872843394,0.0,235803565.0,0.0,0.0,0.0,0.0,0.0,0.0,0.0,0.0,0.0,0.0,0.0,0.0,0.0,0.0,0.0,0.0,0.0,0.0,0.0,0.0,0.0,0.0,0.0,0.0,0.0,0.0,0.0,0.0,0.0,0.0,0.0,0.0,0.0,0.0,0.0,0.0,0.0,0.0,0.0,0.0,0.0,0.0,0.0,0.0,0.0,0.0,0.0,0.0,0.0,0.0,0.0,0.0,0.0,0.0,0.0,0.0,0.0,0.0,0.0,0.0,0.0,0.0,0.0,0.0,1,0.625,1,1.0,1,0.51205796,0,0,3,0.7123526533444723,Up,0.7123526533444723,3666.552966130509,4074.0295809127306,0.02255843028740457
2021-08-30,1450.0,1455.0,1415.9000244140625,1419.199951171875,1419.199951171875,2742335.0,TECHM.NS,0,1,[],0.0,0.0,2021-08-31 00:00:00,1436.5356968470983,1355.9924865722655,0.0,0.0,3477841.4285714286,4227691.0,1428.6221236852707,1357.0820746147845,3382358.3084717295,4065145.3034252487,-26.2000732421875,-355604.0,-1.8,-11.5,-30.300048828125,749144.0,-43.9000244140625,-363528.0,-44.1500244140625,-2624588.0,3.199951171875,-1244905.0,0.0,0.0,66.84275928039222,-26.2000732421875,-30.300048828125,0,0,0,0,1,0,0,0,0,1,0,0,0,0,1,0,0,0,0,0,1,0,0,0,1463.3499755859375,1287.449951171875,0.7490050125852462,0.0,0.0,0.0,1463.3499755859375,1399.199951171875,0.31176917207245436,0.0,0.0,0,0,0,0.648660226113971,0.788516399129345,1355.9924865722655,86.37089306509617,1226.44,1485.55,39.0999755859375,35.22749633789063,1320.76,1391.22,-94.31999999999994,-94.32999999999993,False,0,0,0,0.0,0.015180986117755304,0.0,361362145.0,0.0,0.0,0.0,0.0,0.0,0.0,0.0,0.0,0.0,0.0,0.0,0.0,0.0,0.0,0.0,0.0,0.0,0.0,0.0,0.0,0.0,0.0,0.0,0.0,0.0,0.0,0.0,0.0,0.0,0.0,0.0,0.0,0.0,0.0,0.0,0.0,0.0,0.0,0.0,0.0,0.0,0.0,0.0,0.0,0.0,0.0,0.0,0.0,0.0,0.0,0.0,0.0,0.0,0.0,0.0,0.0,0.0,0.0,0.0,0.0,0.0,0.0,0.0,0.0,1,0.5078125,0,0.0,0,0.44343543,0,0,1,0.31708264350891113,-,0.0,0.0,0.0,0.0
2021-08-30,1835.0,1886.949951171875,1831.800048828125,1878.449951171875,1878.449951171875,1670177.0,TITAN.NS,0,1,[],0.0,0.0,2021-08-31 00:00:00,1850.8214285714287,1829.7674987792968,1768.6560034179688,1662.4440002441406,1170964.4285714286,1498164.95,1847.141669166479,1823.395325951382,1247567.5028406747,1283495.252091754,55.89990234375,649588.0,3.1,63.6,63.0999755859375,610948.0,55.7999267578125,389777.0,8.8499755859375,666272.0,8.0999755859375,577892.0,0.0,0.0,65.32813742748559,55.89990234375,63.0999755859375,0,1,1,1,1,1,1,1,1,1,1,1,1,1,1,1,1,1,1,1,1,1,1,0,1880.300048828125,1789.4000244140625,0.9796468959367651,1880.300048828125,1096.1500244140623,0.9976406330438714,1878.449951171875,1815.3499755859375,1.0,0.0,0.0,0,0,0,1.1148151610408454,1.4263259918472575,1829.7674987792968,35.12306094696402,1777.08,1882.45,55.14990234375,42.86999511718751,1786.9,1872.64,-9.820000000000164,-9.809999999999945,False,0,0,0,0.0,0.018181832909547162,64.51474770218854,178264744.0,40.177865641953325,23.28538952700821,207.64412065125174,0.0,0.0,0.0,0.0,0.0,0.0,0.0,0.0,0.0,1.0,0.0,0.0,0.0,0.0,0.0,0.0,0.0,0.0,0.0,0.0,0.0,0.0,0.0,0.0,0.0,0.0,0.0,0.0,0.0,0.0,0.0,0.0,0.0,0.0,0.0,0.0,1.0,0.0,1.0,0.0,0.0,0.0,0.0,0.0,0.0,0.0,0.0,0.0,0.0,0.0,0.0,0.0,0.0,0.0,0.0,0.0,0.0,0.0,0.0,0.0,0.0,1,0.5859375,0,0.0,1,0.51692986,0,0,2,0.36762245496114093,-,0.0,0.0,0.0,0.0
2021-08-30,7571.0,7743.60009765625,7571.0,7703.7998046875,7703.7998046875,319895.0,ULTRACEMCO.NS,0,1,[],0.0,0.0,2021-08-31 00:00:00,7465.507184709822,7519.465014648437,7270.423017578125,6907.635014648437,284284.5714285714,266234.75,7509.663848047321,7471.345178295589,307324.85622764437,302817.47708634427,138.19970703125,-177472.0,1.8,-35.7,396.69970703125,136726.0,321.44970703125,173745.0,248.44970703125,145448.0,352.7998046875,9675.0,0.0,0.0,62.052504973673564,138.19970703125,396.69970703125,0,1,0,1,1,1,1,1,1,1,1,1,1,1,1,1,1,1,1,1,1,1,1,0,7703.7998046875,7307.10009765625,1.0,7843.25,3777.800048828125,0.9656987056814453,7703.7998046875,7307.10009765625,1.0,0.0,0.0,0,0,0,1.2015523893856832,1.125263317641478,7519.465014648437,142.83732937361773,7305.21,7733.72,172.60009765625,173.2375732421875,7346.23,7692.7,-41.01999999999953,-41.02000000000044,False,0,0,0,0.0,0.01608684626249003,60.687391624126164,46808960.0,172.78830342132443,26.857086317528232,-14.129567298681877,0.0,0.0,0.0,0.0,0.0,0.0,0.0,0.0,0.0,1.0,0.0,0.0,0.0,0.0,0.0,0.0,0.0,0.0,0.0,0.0,0.0,0.0,0.0,0.0,0.0,0.0,0.0,0.0,0.0,0.0,0.0,0.0,0.0,0.0,0.0,0.0,0.0,0.0,0.0,0.0,0.0,0.0,0.0,0.0,0.0,0.0,0.0,0.0,0.0,0.0,0.0,0.0,0.0,0.0,0.0,0.0,0.0,0.0,0.0,0.0,0.0,0,0.375,1,1.0,0,0.48484138,0,0,1,0.6199471255143484,-,0.0,0.0,0.0,0.0
2021-08-30,732.9500122070312,744.5499877929688,730.0,740.4500122070312,740.4500122070312,2357334.0,UPL.NS,0,1,[],0.0,0.0,2021-08-31 00:00:00,727.6714303152902,759.4899932861329,791.3499975585937,755.119497680664,2669329.5714285714,2658734.75,735.4000830724717,756.8051100212148,2603915.636715238,2704182.126263791,11.20001220703125,-1935143.0,1.5,-45.1,20.79998779296875,820593.0,14.35003662109375,461778.0,9.4000244140625,585378.0,21.5,-216045.0,0.0,0.0,40.48278263096085,11.20001220703125,20.79998779296875,0,1,0,1,1,1,1,1,1,1,0,1,1,1,0,0,0,0,0,1,0,0,0,0,779.0999755859375,718.9500122070312,0.3574399516183205,853.5499877929688,401.3500061035156,0.7498894733180053,740.4500122070312,718.9500122070312,1.0,0.0,0.0,0,0,0,0.8866375256125117,0.8831183774502608,759.4899932861329,25.358623634468277,721.45,797.53,14.54998779296875,19.092507934570314,740.4,778.58,-18.949999999999932,-18.949999999999932,False,0,0,0,0.017123791759340236,0.024201060054997305,38.92184282938572,443479802.0,19.901118068060157,32.843455123109095,-4.60442445190165,0.0,0.0,0.0,0.0,0.0,0.0,0.0,0.0,0.0,0.0,0.0,0.0,0.0,0.0,0.0,0.0,0.0,0.0,0.0,0.0,0.0,0.0,0.0,0.0,0.0,0.0,0.0,0.0,0.0,0.0,0.0,0.0,0.0,0.0,0.0,0.0,0.0,0.0,0.0,0.0,0.0,0.0,0.0,0.0,0.0,0.0,0.0,0.0,0.0,0.0,1.0,0.0,0.0,0.0,0.0,0.0,0.0,0.0,0.0,0.0,0.0,1,0.515625,1,1.0,1,0.55345505,0,0,3,0.6896933515866598,Up,0.6896933515866598,729.3197791553879,806.5388476477087,0.017123791759340236
2021-08-30,635.9500122070312,639.5,630.5499877929688,632.4500122070312,632.4500122070312,4368098.0,WIPRO.NS,0,1,[],0.0,0.0,2021-08-31 00:00:00,630.0642874581473,614.9700012207031,579.9770007324219,542.5785012817382,5292136.142857143,5924493.05,629.6864022757301,615.47236890913,5164224.30653674,6198916.400713737,-2.5,-3456.0,-0.4,-0.1,3.5,161301.0,0.79998779296875,-2039620.0,-1.0999755859375,-115620.0,3.60003662109375,-2668277.0,0.0,0.0,65.9080577732389,-2.5,3.5,0,0,0,1,1,1,0,0,0,1,0,0,1,1,1,1,1,0,0,1,1,0,0,0,634.9500122070312,596.7999877929688,0.9344692424606031,634.9500122070312,269.95001220703125,0.9931506849315068,634.9500122070312,620.0499877929688,0.8322150400209731,0.0,0.0,0,0,0,0.737294813773138,0.8253941096915416,614.9700012207031,15.641686783715517,591.51,638.43,8.95001220703125,12.622509765624997,602.35,627.59,-10.840000000000032,-10.839999999999918,False,0,0,0,0.012365947096064915,0.013817427768395313,66.60882102140009,1412865383.0,12.883141452621885,30.907583591607306,181.297049855128,0.0,0.0,0.0,0.0,0.0,0.0,0.0,0.0,0.0,0.0,0.0,0.0,0.0,0.0,0.0,0.0,0.0,0.0,0.0,0.0,0.0,0.0,0.0,0.0,0.0,0.0,0.0,0.0,0.0,0.0,0.0,0.0,0.0,0.0,0.0,0.0,0.0,0.0,0.0,0.0,0.0,0.0,0.0,0.0,0.0,0.0,0.0,0.0,0.0,0.0,-1.0,0.0,0.0,0.0,0.0,0.0,0.0,0.0,0.0,0.0,0.0,1,0.515625,1,1.0,1,0.5412983,0,0,3,0.6856410900751749,Up,0.6856410900751749,627.0221660202043,682.5610310592383,0.012365947096064915
2021-08-30,11.149999618530273,11.149999618530273,10.800000190734863,10.899999618530273,10.899999618530273,114992584.0,YESBANK.NS,0,1,[],0.0,0.0,2021-08-31 00:00:00,10.97142846243722,11.732499885559083,12.695999984741212,13.363000040054322,100281104.28571428,88509556.35,11.062846777325428,11.625570323006944,96909403.03794225,94792482.62500529,-0.15000057220458984,52407501.0,-1.4,83.7,-0.05000019073486328,23101288.0,-0.05000019073486328,15493575.0,-0.10000038146972656,-13578200.0,0.09999942779541016,-14888375.0,0.0,0.0,22.98038706628715,-0.15000057220458984,-0.05000019073486328,0,0,1,0,1,0,1,0,0,1,0,0,0,0,0,0,0,1,1,0,0,1,1,0,12.449999809265137,10.800000190734863,0.06060572782706702,20.450000762939453,10.800000190734863,0.010362634390244891,11.149999618530273,10.800000190734863,0.2857131179479075,0.0,0.0,0,0,0,1.2992109410793584,1.1467024103800327,11.732499885559083,0.7054813342758905,10.67,12.79,0.34999942779541016,0.35999994277954706,11.37,12.09,-0.6999999999999993,-0.6999999999999993,False,0,0,0,0.0,0.7068714040291039,23.663851982763223,-5042885195.0,0.372055792934642,34.60421430997787,-14.887888743625865,0.0,0.0,0.0,0.0,0.0,0.0,0.0,0.0,0.0,-1.0,0.0,0.0,0.0,0.0,0.0,0.0,0.0,0.0,-1.0,0.0,0.0,0.0,0.0,0.0,0.0,0.0,0.0,0.0,0.0,0.0,0.0,0.0,0.0,0.0,0.0,0.0,0.0,0.0,-1.0,0.0,0.0,0.0,0.0,0.0,0.0,0.0,0.0,0.0,0.0,0.0,0.0,0.0,0.0,0.0,0.0,0.0,0.0,0.0,0.0,0.0,0.0,1,0.546875,0,0.0,1,0.542742,0,0,2,0.3632056713104248,-,0.0,0.0,0.0,0.0
2021-08-30,35781.05078125,36398.44921875,35721.8984375,36347.6484375,36347.6484375,0.0,^NSEBANK,0,1,[],0.0,0.0,2021-08-31 00:00:00,35578.51450892857,35706.5701171875,35311.558828125,34439.2758203125,113457.14285714286,63505.0,35778.6991974789,35621.53130747837,79407.26703839866,69852.04060437139,719.84765625,-120900.0,2.0,-100.0,730.09765625,0.0,761.3984375,-144300.0,635.546875,-173600.0,1223.25,-174200.0,0.0,0.0,64.99333460845236,719.84765625,730.09765625,0,1,0,1,0,1,0,1,0,1,0,1,1,1,1,1,1,0,0,1,1,0,0,0,36347.6484375,35033.8515625,1.0,37306.25,20456.849609375,0.9431076750343373,36347.6484375,35033.8515625,1.0,0.0,0.0,0,0,0,0.0,0.0,35706.5701171875,416.22644809231815,35082.23,36330.91,676.55078125,491.9,35214.67,36198.47,-132.43999999999505,-132.44000000000233,False,0,0,0,0.0,0.01971285208452276,61.727602147422665,245252400.0,520.6523360384938,20.971383402625428,279.7672691907302,0.0,0.0,0.0,0.0,0.0,0.0,0.0,0.0,0.0,0.0,0.0,0.0,0.0,0.0,0.0,0.0,0.0,0.0,0.0,0.0,0.0,0.0,0.0,0.0,0.0,0.0,0.0,0.0,0.0,0.0,0.0,0.0,0.0,0.0,0.0,0.0,0.0,0.0,1.0,0.0,0.0,0.0,0.0,0.0,0.0,0.0,0.0,0.0,0.0,0.0,0.0,0.0,0.0,0.0,0.0,0.0,0.0,0.0,0.0,0.0,0.0,1,0.6875,0,0.0,1,0.62333155,0,0,2,0.43694384892781574,-,0.0,0.0,0.0,0.0
2021-08-30,16775.849609375,16951.5,16764.849609375,16931.05078125,16931.05078125,0.0,^NSEI,0,1,[],0.0,0.0,2021-08-31 00:00:00,16639.907087053572,16437.3724609375,16040.35,15541.61947265625,197871.42857142858,194955.0,16683.029417968675,16446.760032880473,147608.36058287296,175300.85646733653,225.8515625,-217400.0,1.4,-100.0,294.150390625,0.0,296.400390625,-265900.0,306.451171875,-275400.0,434.6015625,-275600.0,0.0,0.0,82.75675830338133,225.8515625,294.150390625,0,1,0,1,0,1,0,1,0,1,0,1,1,1,1,1,1,0,0,1,1,0,0,0,16931.05078125,16258.25,1.0,16931.05078125,10805.5498046875,1.0,16931.05078125,16450.5,1.0,0.0,0.0,0,0,0,0.0,0.0,16437.3724609375,238.73750980318218,16079.27,16795.48,186.650390625,139.81005859375,16297.56,16577.18,-218.28999999999905,-218.29999999999927,False,0,0,0,0.0,0.012707853866464296,78.9887845686587,42313200.0,152.75827043367912,29.56192234048899,182.80386671928073,0.0,0.0,0.0,0.0,0.0,0.0,0.0,0.0,0.0,1.0,0.0,0.0,0.0,0.0,0.0,0.0,0.0,0.0,0.0,0.0,0.0,0.0,0.0,0.0,0.0,0.0,0.0,0.0,0.0,0.0,0.0,0.0,0.0,0.0,0.0,0.0,0.0,0.0,1.0,0.0,0.0,0.0,0.0,0.0,0.0,0.0,0.0,0.0,0.0,0.0,0.0,0.0,0.0,0.0,0.0,0.0,0.0,0.0,0.0,0.0,0.0,1,0.5546875,0,0.0,0,0.48804846,0,0,1,0.3475786546866099,-,0.0,0.0,0.0,0.0
