Date,Close,Volume,Stock,pred_sum,Prediction,Confidence_Level,Stop_Loss,Predicted_Change,Predicted_Change_Ratio,Predicted_Next_Date
2021-03-08,12.720000267028809,3399949.0,AUPH,2,-,0.0,0.0,0.0,0.0,2021-03-09
2021-03-08,123.47000122070312,6616680.0,MRNA,3,Up,0.7745504776636759,119.45003770613332,133.63175258197305,0.08230137896496605,2021-03-09
2021-03-08,28.6200008392334,6040708.0,BLNK,3,Up,0.7697763045628866,26.84265788904574,32.86211524532723,0.14822202242141738,2021-03-09
2021-03-08,16.110000610351562,14062304.0,APHA,3,Up,0.7040957808494568,15.38742904264963,17.39331071167014,0.07965922114825871,2021-03-09
2021-03-08,1.1799999475479126,200646122.0,SNDL,2,-,0.0,0.0,0.0,0.0,2021-03-09
2021-03-08,115.62999725341797,3790683.0,ABT,2,-,0.0,0.0,0.0,0.0,2021-03-09
2021-03-08,106.11000061035156,5809864.0,ABBV,3,Up,0.7241119345029196,103.76860247784053,106.8283751432899,0.006770092628462963,2021-03-09
2021-03-08,285.9200134277344,308744.0,ABMD,3,Up,0.715479334195455,274.748166332213,291.8116492299694,0.02060588809997433,2021-03-09
2021-03-08,249.38999938964844,2663272.0,ACN,1,-,0.0,0.0,0.0,0.0,2021-03-09
2021-03-08,89.20999908447266,6311381.0,ATVI,3,Up,0.7324240207672119,87.33231277841708,91.43980612670228,0.02499503491887979,2021-03-09
2021-03-08,421.20001220703125,3777196.0,ADBE,3,Up,0.7271391352017721,410.79093508464047,432.6517184215232,0.027188285571233876,2021-03-09
2021-03-08,73.95999908447266,53244874.0,AMD,2,-,0.0,0.0,0.0,0.0,2021-03-09
2021-03-08,176.5,1198453.0,AAP,2,-,0.0,0.0,0.0,0.0,2021-03-09
2021-03-08,26.280000686645508,8103035.0,AES,3,Up,0.7071689367294312,25.749364760076347,26.73638029164964,0.01736604235463523,2021-03-09
2021-03-08,50.779998779296875,4540983.0,AFL,3,Up,0.6859557231267294,49.63939447032937,51.453609263480665,0.013265271767954858,2021-03-09
2021-03-08,116.08000183105469,2466220.0,A,2,-,0.0,0.0,0.0,0.0,2021-03-09
2021-03-08,16.829999923706055,3299720.0,AMRS,1,-,0.0,0.0,0.0,0.0,2021-03-09
2021-03-08,97.27999877929688,3777710.0,AKAM,2,-,0.0,0.0,0.0,0.0,2021-03-09
2021-03-08,67.98999786376953,2176144.0,ALK,1,-,0.0,0.0,0.0,0.0,2021-03-09
2021-03-08,140.69000244140625,1203054.0,ALB,3,Up,0.8001284003257751,137.14351300585216,144.35802109180955,0.026071636838096768,2021-03-09
2021-03-08,226.69000244140625,16642461.0,BABA,2,-,0.0,0.0,0.0,0.0,2021-03-09
2021-03-08,150.05999755859375,3137414.0,ALXN,3,Up,0.7301679849624634,146.2741621044001,151.53881846809318,0.009854864278016559,2021-03-09
2021-03-08,496.07000732421875,891098.0,ALGN,2,-,0.0,0.0,0.0,0.0,2021-03-09
2021-03-08,116.48999786376953,1217038.0,ALLE,2,-,0.0,0.0,0.0,0.0,2021-03-09
2021-03-08,113.27999877929688,2884534.0,ALL,3,Up,0.6988280614217123,110.90149065966192,114.73140841891248,0.01281258523354493,2021-03-09
2021-03-08,2951.949951171875,4040116.0,AMZN,2,-,0.0,0.0,0.0,0.0,2021-03-09
2021-03-08,11.760000228881836,6006202.0,AMCR,2,-,0.0,0.0,0.0,0.0,2021-03-09
2021-03-08,74.19000244140625,1342145.0,AEE,2,-,0.0,0.0,0.0,0.0,2021-03-09
2021-03-08,21.469999313354492,39000250.0,AAL,3,Up,0.7294369538625082,20.510571580305953,22.393124575751905,0.042996054584092225,2021-03-09
2021-03-08,80.48999786376953,2980542.0,AEP,3,Up,0.7190725008646647,74.23188786832132,81.33318937876089,0.010475730368616418,2021-03-09
2021-03-08,150.27000427246094,3910028.0,AXP,2,-,0.0,0.0,0.0,0.0,2021-03-09
2021-03-08,47.2400016784668,5576893.0,AIG,2,-,0.0,0.0,0.0,0.0,2021-03-09
2021-03-08,198.66000366210938,3045005.0,AMT,3,Up,0.7059087753295898,192.81256599262477,204.37531418103282,0.028769306420855293,2021-03-09
2021-03-08,133.8699951171875,1402533.0,AWK,0,Down,0.7163312335809071,136.99593606428976,128.10326491926887,-0.04307709276354678,2021-03-09
2021-03-08,224.07000732421875,842509.0,AMP,3,Up,0.6922171115875244,219.10737396307405,226.77072197706326,0.012052994888051734,2021-03-09
2021-03-08,107.51000213623047,1139020.0,ABC,2,-,0.0,0.0,0.0,0.0,2021-03-09
2021-03-08,123.4800033569336,1360227.0,AME,1,-,0.0,0.0,0.0,0.0,2021-03-09
2021-03-08,227.80999755859375,2790625.0,AMGN,3,Up,0.6936138073603312,222.55214675756818,230.27705153242678,0.010829436812572247,2021-03-09
2021-03-08,61.34000015258789,3125891.0,APH,1,-,0.0,0.0,0.0,0.0,2021-03-09
2021-03-08,144.05999755859375,3897375.0,ADI,3,Up,0.7198778390884399,140.63880753155527,146.8067530704927,0.019066746900240298,2021-03-09
2021-03-08,293.54998779296875,710862.0,ANSS,3,Up,0.712604800860087,285.9141322499979,311.51300094414927,0.06119234848631378,2021-03-09
2021-03-08,339.5899963378906,1467417.0,ANTM,2,-,0.0,0.0,0.0,0.0,2021-03-09
2021-03-08,230.0,1384595.0,AON,3,Up,0.7124593257904053,224.953007711301,231.188838701955,0.005168863921543504,2021-03-09
2021-03-08,63.720001220703125,2391314.0,AOS,3,Up,0.6766093571980795,62.440690672151874,64.36939833150657,0.010191417111782015,2021-03-09
2021-03-08,23.170000076293945,8278995.0,APA,2,-,0.0,0.0,0.0,0.0,2021-03-09
2021-03-08,4.900000095367432,3894888.0,AIV,3,Up,0.7152553598086039,4.7226282022384325,4.936179457261082,0.007383543099898229,2021-03-09
2021-03-08,116.36000061035156,148913253.0,AAPL,3,Up,0.7248809536298116,113.87686127544376,119.47591638518004,0.026778237869408195,2021-03-09
2021-03-08,105.68000030517578,11821643.0,AMAT,3,Up,0.7712492744127909,103.40290498289524,108.36384119504721,0.025395920534833562,2021-03-09
2021-03-08,144.60000610351562,2258043.0,APTV,3,Up,0.7402662436167399,141.5174050719012,146.57466621911104,0.01365601682050962,2021-03-09
2021-03-08,57.7599983215332,2372125.0,ADM,2,-,0.0,0.0,0.0,0.0,2021-03-09
2021-03-08,267.8299865722656,496209.0,ANET,3,Up,0.8028601209322611,258.1834992706107,277.53806839744465,0.03624718034535548,2021-03-09
2021-03-08,125.33000183105469,1010498.0,AJG,1,-,0.0,0.0,0.0,0.0,2021-03-09
2021-03-08,133.8000030517578,349837.0,AIZ,3,Up,0.7160519162813822,130.6151384278199,135.6927716675293,0.014146252411065615,2021-03-09
2021-03-08,91.63999938964844,1061067.0,ATO,3,Up,0.7901106079419454,89.25622938113382,92.83845370054887,0.013077851580996426,2021-03-09
2021-03-08,253.10000610351562,1535199.0,ADSK,3,Up,0.7362447182337443,246.99945015570398,261.3225537139912,0.03248734655151549,2021-03-09
2021-03-08,180.4199981689453,2207666.0,ADP,2,-,0.0,0.0,0.0,0.0,2021-03-09
2021-03-08,1241.1099853515625,230404.0,AZO,1,-,0.0,0.0,0.0,0.0,2021-03-09
2021-03-08,183.91000366210938,1046182.0,AVB,1,-,0.0,0.0,0.0,0.0,2021-03-09
2021-03-08,183.0399932861328,793014.0,AVY,2,-,0.0,0.0,0.0,0.0,2021-03-09
2021-03-08,421.25,4259564.0,AVGO,3,Up,0.8075727025667826,411.95751830019304,429.94849713538144,0.0206492513599559,2021-03-09
2021-03-08,24.329999923706055,8858182.0,BKR,2,-,0.0,0.0,0.0,0.0,2021-03-09
2021-03-08,82.58999633789062,1612232.0,BLL,3,Up,0.70146644115448,80.80130354400048,83.9219983633822,0.016127885755583698,2021-03-09
2021-03-08,37.130001068115234,64272392.0,BAC,2,-,0.0,0.0,0.0,0.0,2021-03-09
2021-03-08,45.630001068115234,4240185.0,BK,3,Up,0.7074511845906576,43.00736690398392,46.22452515456209,0.013029236741839225,2021-03-09
2021-03-08,78.27999877929688,1526909.0,BAX,3,Up,0.6848225792249044,76.32116819212787,78.60065762432055,0.004096306208789561,2021-03-09
2021-03-08,246.10000610351562,938444.0,BDX,2,-,0.0,0.0,0.0,0.0,2021-03-09
2021-03-08,207.72000122070312,9412074.0,CRM,2,-,0.0,0.0,0.0,0.0,2021-03-09
2021-03-08,106.56999969482422,3413551.0,BBY,2,-,0.0,0.0,0.0,0.0,2021-03-09
2021-03-08,554.1099853515625,190507.0,BIO,3,Up,0.7771225770314535,541.7146679732635,571.514478887482,0.031409817538077776,2021-03-09
2021-03-08,270.010009765625,1102474.0,BIIB,2,-,0.0,0.0,0.0,0.0,2021-03-09
2021-03-08,698.9600219726562,629173.0,BLK,2,-,0.0,0.0,0.0,0.0,2021-03-09
2021-03-08,224.02999877929688,13720979.0,BA,2,-,0.0,0.0,0.0,0.0,2021-03-09
2021-03-08,2368.739990234375,552629.0,BKNG,1,-,0.0,0.0,0.0,0.0,2021-03-09
2021-03-08,49.709999084472656,3242013.0,BWA,0,Down,0.7150819996992748,50.819835310418206,48.70331693105295,-0.020251099818147978,2021-03-09
2021-03-08,107.80000305175781,946420.0,BXP,1,-,0.0,0.0,0.0,0.0,2021-03-09
2021-03-08,39.52000045776367,9477670.0,BSX,3,Up,0.6895951231320699,38.47408123168217,39.862454682039655,0.00866533958272533,2021-03-09
2021-03-08,60.45000076293945,9875635.0,BMY,3,Up,0.731302281220754,59.16538255350824,60.872623794667135,0.006991282487903299,2021-03-09
2021-03-08,141.82000732421875,426830.0,BR,3,Up,0.7135901848475138,138.98115291142906,143.2222181483521,0.009887256745994413,2021-03-09
2021-03-08,26.530000686645508,15067661.0,SPCE,2,-,0.0,0.0,0.0,0.0,2021-03-09
2021-03-08,26.479999542236328,4085502.0,BEN,3,Up,0.7156307101249695,25.714208583031755,26.78586274815421,0.011550725498692713,2021-03-09
2021-03-08,91.80999755859375,1085485.0,CHRW,3,Up,0.7044784625371298,89.40150830835847,92.49155226509987,0.007423534741640242,2021-03-09
2021-03-08,19.06999969482422,7213285.0,COG,1,-,0.0,0.0,0.0,0.0,2021-03-09
2021-03-08,119.68000030517578,3343351.0,CDNS,3,Up,0.738365650177002,117.24945320494686,123.15034692949922,0.028996880142666232,2021-03-09
2021-03-08,47.25,3060695.0,CPB,3,Up,0.6821305751800537,46.16877374446352,47.567177403190925,0.006712749273882036,2021-03-09
2021-03-08,128.69000244140625,2593501.0,COF,2,-,0.0,0.0,0.0,0.0,2021-03-09
2021-03-08,54.70000076293945,1698261.0,CAH,3,Up,0.7352965871493021,53.2585080079777,55.7032085218656,0.018340178152352785,2021-03-09
2021-03-08,26.690000534057617,47502336.0,CCL,3,Up,0.704712986946106,25.304612305492398,28.02208069739295,0.049909334457882155,2021-03-09
2021-03-08,37.060001373291016,4490475.0,CARR,3,Up,0.7153927485148112,36.10317366352186,37.446129654595815,0.010419003426780224,2021-03-09
2021-03-08,221.5800018310547,2914242.0,CAT,2,-,0.0,0.0,0.0,0.0,2021-03-09
2021-03-08,105.37999725341797,683889.0,CBOE,2,-,0.0,0.0,0.0,0.0,2021-03-09
2021-03-08,76.69000244140625,1422493.0,CBRE,2,-,0.0,0.0,0.0,0.0,2021-03-09
2021-03-08,155.13999938964844,741276.0,CDW,3,Up,0.7393631736437479,151.71375677149726,156.6501079762338,0.009733844221518882,2021-03-09
2021-03-08,150.10000610351562,937914.0,CE,0,Down,0.708154708147049,153.12977618317598,146.93334106388033,-0.021097034715984054,2021-03-09
2021-03-08,61.720001220703125,3581766.0,CNC,3,Up,0.7802568078041077,59.69489455859626,62.21922784449708,0.008088571191189317,2021-03-09
2021-03-08,20.809999465942383,4990700.0,CNP,3,Up,0.7008347511291504,20.16711308637774,21.210428351486474,0.01924213819416151,2021-03-09
2021-03-08,70.16999816894531,2466522.0,CERN,0,Down,0.6701284050941467,71.79909937523088,68.44404962924058,-0.024596673574783852,2021-03-09
2021-03-08,49.58000183105469,6897200.0,CF,3,Up,0.6941767533620199,48.328285088303524,50.430315007214446,0.017150325630427146,2021-03-09
2021-03-08,612.3800048828125,1094891.0,CHTR,3,Up,0.7779353658358256,600.215374885374,616.2720756679938,0.006355646419131669,2021-03-09
2021-03-08,109.75,18001312.0,CVX,0,Down,0.7141836384932201,116.8651544681498,106.84424505367501,-0.02647612707357628,2021-03-09
2021-03-08,1335.0,281630.0,CMG,3,Up,0.7308516701062521,1307.2269881841312,1367.8068077078894,0.024574387796171944,2021-03-09
2021-03-08,173.22999572753906,1626139.0,CB,3,Up,0.7208049496014913,169.75636730538264,174.6042199979757,0.00793294639687025,2021-03-09
2021-03-08,80.83000183105469,1399160.0,CHD,2,-,0.0,0.0,0.0,0.0,2021-03-09
2021-03-08,235.86000061035156,2187379.0,CI,3,Up,0.6830801963806152,230.00237447273943,240.2637323257094,0.018670956092436217,2021-03-09
2021-03-08,107.0199966430664,628841.0,CINF,1,-,0.0,0.0,0.0,0.0,2021-03-09
2021-03-08,340.6000061035156,413945.0,CTAS,3,Up,0.7590102752049764,333.1385379422194,344.07906970008844,0.01021451419327171,2021-03-09
2021-03-08,47.5099983215332,32982769.0,CSCO,3,Up,0.7311004797617594,46.29706471510593,48.102848913780306,0.012478438501194409,2021-03-09
2021-03-08,72.22000122070312,26782544.0,C,2,-,0.0,0.0,0.0,0.0,2021-03-09
2021-03-08,45.869998931884766,5337616.0,CFG,1,-,0.0,0.0,0.0,0.0,2021-03-09
2021-03-08,131.36000061035156,1039817.0,CTXS,2,-,0.0,0.0,0.0,0.0,2021-03-09
2021-03-08,187.75999450683594,2053173.0,CLX,2,-,0.0,0.0,0.0,0.0,2021-03-09
2021-03-08,214.0399932861328,2374124.0,CME,1,-,0.0,0.0,0.0,0.0,2021-03-09
2021-03-08,56.150001525878906,1521994.0,CMS,2,-,0.0,0.0,0.0,0.0,2021-03-09
2021-03-08,72.69000244140625,2848600.0,CTSH,3,Up,0.7393505970637003,70.99603543006988,73.44216177014891,0.010347493513278698,2021-03-09
2021-03-08,76.44999694824219,4522031.0,CL,2,-,0.0,0.0,0.0,0.0,2021-03-09
2021-03-08,55.474998474121094,23677197.0,CMCSA,3,Up,0.7598176797231039,54.462235838272775,56.15255485603273,0.012213725111280719,2021-03-09
2021-03-08,72.16999816894531,1359968.0,CMA,2,-,0.0,0.0,0.0,0.0,2021-03-09
2021-03-08,36.529998779296875,5706114.0,CAG,1,-,0.0,0.0,0.0,0.0,2021-03-09
2021-03-08,58.779998779296875,11029969.0,COP,0,Down,0.7151253819465637,60.485682184181506,56.875008507172275,-0.03240881782385416,2021-03-09
2021-03-08,385.4800109863281,565763.0,COO,3,Up,0.7107224663098654,377.5762855446017,388.02437588660734,0.006600510604347455,2021-03-09
2021-03-08,103.98999786376953,1203343.0,CPRT,3,Up,0.707552989323934,101.70481224065331,106.85840055229035,0.027583447903119743,2021-03-09
2021-03-08,44.900001525878906,3315478.0,CTVA,3,Up,0.7474130988121033,43.881842966401074,45.47231757054862,0.01274645935902359,2021-03-09
2021-03-08,311.4200134277344,4675751.0,COST,1,-,0.0,0.0,0.0,0.0,2021-03-09
2021-03-08,7.809999942779541,10117723.0,COTY,1,-,0.0,0.0,0.0,0.0,2021-03-09
2021-03-08,146.77000427246094,3079587.0,CCI,2,-,0.0,0.0,0.0,0.0,2021-03-09
2021-03-08,92.52999877929688,3369138.0,CSX,2,-,0.0,0.0,0.0,0.0,2021-03-09
2021-03-08,268.80999755859375,1089458.0,CMI,1,-,0.0,0.0,0.0,0.0,2021-03-09
2021-03-08,71.7300033569336,7368604.0,CVS,3,Up,0.6966155568758646,70.08203158751843,72.67279170073432,0.013143570328713772,2021-03-09
2021-03-08,207.72000122070312,9412074.0,CRM,2,-,0.0,0.0,0.0,0.0,2021-03-09
2021-03-08,80.51000213623047,2842997.0,DHI,1,-,0.0,0.0,0.0,0.0,2021-03-09
2021-03-08,212.3800048828125,2801077.0,DHR,3,Up,0.7893634637196859,208.68458429703836,217.4474952479001,0.02386048709191688,2021-03-09
2021-03-08,143.02999877929688,1211294.0,DRI,1,-,0.0,0.0,0.0,0.0,2021-03-09
2021-03-08,107.61000061035156,580592.0,DVA,2,-,0.0,0.0,0.0,0.0,2021-03-09
2021-03-08,353.70001220703125,1684192.0,DE,1,-,0.0,0.0,0.0,0.0,2021-03-09
2021-03-08,47.880001068115234,16914032.0,DAL,1,-,0.0,0.0,0.0,0.0,2021-03-09
2021-03-08,24.56999969482422,22385762.0,DVN,2,-,0.0,0.0,0.0,0.0,2021-03-09
2021-03-08,352.05999755859375,811393.0,DXCM,3,Up,0.7295333743095398,341.3342096610624,361.97509671042474,0.028163094985481283,2021-03-09
2021-03-08,132.17999267578125,1977160.0,DLR,2,-,0.0,0.0,0.0,0.0,2021-03-09
2021-03-08,97.91999816894531,1929155.0,DFS,3,Up,0.6878780523935953,95.56377830376908,99.01922663850146,0.011225781149011158,2021-03-09
2021-03-08,67.25,8065542.0,DISCA,0,Down,0.6945471266905467,68.22266586365826,63.696008081550154,-0.05284746347137319,2021-03-09
2021-03-08,55.0,12111368.0,DISCK,0,Down,0.736021379629771,55.81677592756475,52.360172945748694,-0.04799685553184188,2021-03-09
2021-03-08,34.83000183105469,4146720.0,DISH,2,-,0.0,0.0,0.0,0.0,2021-03-09
2021-03-08,181.97999572753906,2212314.0,DG,2,-,0.0,0.0,0.0,0.0,2021-03-09
2021-03-08,108.06999969482422,2600908.0,DLTR,3,Up,0.7026194135348002,105.44068004558895,110.12027160613536,0.01897170275840512,2021-03-09
2021-03-08,72.0,10882333.0,D,2,-,0.0,0.0,0.0,0.0,2021-03-09
2021-03-08,333.510009765625,982298.0,DPZ,3,Up,0.7121687332789103,323.5948138385147,343.84539698668766,0.03098973619510207,2021-03-09
2021-03-08,131.77999877929688,726996.0,DOV,3,Up,0.7281609574953715,129.10705837505304,133.3971220366011,0.012271386191257826,2021-03-09
2021-03-08,63.439998626708984,4123943.0,DOW,0,Down,0.6830851833025615,65.04789571534636,62.26893134015973,-0.01845944690888153,2021-03-09
2021-03-08,124.73999786376953,1022546.0,DTE,3,Up,0.7323947747548422,122.00798159326563,125.82378622780841,0.008688378888883002,2021-03-09
2021-03-08,90.22000122070312,3665769.0,DUK,2,-,0.0,0.0,0.0,0.0,2021-03-09
2021-03-08,38.88999938964844,1288789.0,DRE,2,-,0.0,0.0,0.0,0.0,2021-03-09
2021-03-08,75.19999694824219,4562591.0,DD,1,-,0.0,0.0,0.0,0.0,2021-03-09
2021-03-08,28.020000457763672,3712985.0,DXC,2,-,0.0,0.0,0.0,0.0,2021-03-09
2021-03-08,121.08999633789062,1180476.0,DGX,1,-,0.0,0.0,0.0,0.0,2021-03-09
2021-03-08,201.91000366210938,24806077.0,DIS,2,-,0.0,0.0,0.0,0.0,2021-03-09
2021-03-08,69.5,2740653.0,ED,3,Up,0.7227795918782552,67.60813172430305,70.49766035667419,0.014354825275887585,2021-03-09
2021-03-08,116.45999908447266,710465.0,EMN,3,Up,0.6813755830128988,114.22713160683362,117.99870921553878,0.013212348816438195,2021-03-09
2021-03-08,139.44000244140625,1929178.0,ETN,1,-,0.0,0.0,0.0,0.0,2021-03-09
2021-03-08,53.4900016784668,7217775.0,EBAY,3,Up,0.7058518131573995,52.311492255515354,55.33027473164191,0.034404056747598555,2021-03-09
2021-03-08,211.58999633789062,867611.0,ECL,2,-,0.0,0.0,0.0,0.0,2021-03-09
2021-03-08,57.38999938964844,2891500.0,EIX,2,-,0.0,0.0,0.0,0.0,2021-03-09
2021-03-08,80.31999969482422,2487083.0,EW,3,Up,0.765032430489858,78.33353056214398,81.32503140151918,0.012512845001414115,2021-03-09
2021-03-08,127.20999908447266,2132143.0,EA,3,Up,0.7761862675348917,124.27056026168134,130.38634097848586,0.024969278491260575,2021-03-09
2021-03-08,92.12999725341797,2671121.0,EMR,2,-,0.0,0.0,0.0,0.0,2021-03-09
2021-03-08,90.16000366210938,2427654.0,ETR,1,-,0.0,0.0,0.0,0.0,2021-03-09
2021-03-08,74.58999633789062,6641163.0,EOG,0,Down,0.709274560213089,77.22096093877153,72.0290178552553,-0.03433407438491018,2021-03-09
2021-03-08,173.13999938964844,931338.0,EFX,3,Up,0.6949480772018433,154.6244187961313,176.32577142000414,0.01839997713749663,2021-03-09
2021-03-08,594.9199829101562,910437.0,EQIX,3,Up,0.7316078146298727,579.3147394722644,619.2815649791844,0.0409493423802293,2021-03-09
2021-03-08,70.93000030517578,3163849.0,EQR,2,-,0.0,0.0,0.0,0.0,2021-03-09
2021-03-08,272.510009765625,446091.0,ESS,1,-,0.0,0.0,0.0,0.0,2021-03-09
2021-03-08,280.07000732421875,2473795.0,EL,3,Up,0.7456839481989542,274.69456094488237,282.43751561946766,0.00845327322931873,2021-03-09
2021-03-08,56.27000045776367,1978324.0,EVRG,1,-,0.0,0.0,0.0,0.0,2021-03-09
2021-03-08,80.62000274658203,1149117.0,ES,2,-,0.0,0.0,0.0,0.0,2021-03-09
2021-03-08,40.689998626708984,8319259.0,EXC,3,Up,0.71555229028066,39.634381280956006,41.513630491540795,0.020241629211832396,2021-03-09
2021-03-08,167.89999389648438,3860590.0,EXPE,1,-,0.0,0.0,0.0,0.0,2021-03-09
2021-03-08,96.4000015258789,987180.0,EXPD,3,Up,0.7218820850054423,94.67186848717947,97.30929283936166,0.009432482355704616,2021-03-09
2021-03-08,126.61000061035156,516765.0,EXR,1,-,0.0,0.0,0.0,0.0,2021-03-09
2021-03-08,84.16999816894531,2970842.0,FANG,3,Up,0.6907447775204977,81.1697722894631,87.04344549269463,0.03413861692121881,2021-03-09
2021-03-08,188.24000549316406,537374.0,FFIV,2,-,0.0,0.0,0.0,0.0,2021-03-09
2021-03-08,255.30999755859375,17462882.0,FB,2,-,0.0,0.0,0.0,0.0,2021-03-09
2021-03-08,109.19999694824219,736304.0,FRT,1,-,0.0,0.0,0.0,0.0,2021-03-09
2021-03-08,251.33999633789062,1986210.0,FDX,2,-,0.0,0.0,0.0,0.0,2021-03-09
2021-03-08,144.52000427246094,4867048.0,FIS,2,-,0.0,0.0,0.0,0.0,2021-03-09
2021-03-08,37.7400016784668,7109349.0,FITB,0,Down,0.6984305381774902,38.572935612779354,36.915422455487956,-0.021848945053156182,2021-03-09
2021-03-08,33.369998931884766,2922679.0,FE,3,Up,0.6835778752962748,32.18572138177379,33.845931662289885,0.014262293845936285,2021-03-09
2021-03-08,172.72999572753906,1186327.0,FRC,0,Down,0.7147992948691051,175.86071284657308,169.26812694976192,-0.020042082228947832,2021-03-09
2021-03-08,121.5,5586703.0,FISV,2,-,0.0,0.0,0.0,0.0,2021-03-09
2021-03-08,283.6700134277344,650233.0,FLT,2,-,0.0,0.0,0.0,0.0,2021-03-09
2021-03-08,54.650001525878906,3737445.0,FLIR,0,Down,0.66779625415802,56.17709271863664,54.27643679490524,-0.006835585005368661,2021-03-09
2021-03-08,41.279998779296875,1701635.0,FLS,1,-,0.0,0.0,0.0,0.0,2021-03-09
2021-03-08,103.05999755859375,771214.0,FMC,3,Up,0.7454382181167603,94.58555692029265,105.19499158079675,0.02071603020356345,2021-03-09
2021-03-08,12.649999618530273,79854687.0,F,3,Up,0.7155274947484335,12.396648234074588,12.835421639380415,0.014657867702899181,2021-03-09
2021-03-08,166.2100067138672,1178816.0,FTNT,3,Up,0.702705999215444,162.38337941869688,168.24611376564687,0.012250207385436584,2021-03-09
2021-03-08,68.83999633789062,1783276.0,FTV,3,Up,0.7321340441703796,67.27453075938101,69.58854555818637,0.010873754504889949,2021-03-09
2021-03-08,86.95999908447266,914016.0,FBHS,3,Up,0.7136876384417216,84.9903767983214,88.33580776168849,0.01582116710787193,2021-03-09
2021-03-08,42.33000183105469,5723369.0,FOXA,0,Down,0.6794775625069935,43.313132096329376,40.61640376206653,-0.04048188034168715,2021-03-09
2021-03-08,40.02000045776367,1328403.0,FOX,0,Down,0.712610552708308,40.979350465234674,38.52500150574683,-0.03735629522529957,2021-03-09
2021-03-08,34.43000030517578,23057835.0,FCX,2,-,0.0,0.0,0.0,0.0,2021-03-09
2021-03-08,9.079999923706055,8419745.0,FTI,3,Up,0.6914095679918925,8.052295879134775,9.663957557388553,0.06431251526312262,2021-03-09
2021-03-08,2007.5,1799586.0,GOOGL,3,Up,0.7400834361712137,1972.0311505870807,2024.6243291359415,0.008530176406446583,2021-03-09
2021-03-08,2024.1700439453125,1605195.0,GOOG,3,Up,0.7255031863848368,1988.2943462247579,2040.2633695812924,0.007950579885379814,2021-03-09
2021-03-08,37.61000061035156,3157032.0,GLW,3,Up,0.7310266693433126,36.74846555697547,38.00244410033077,0.010434551545080054,2021-03-09
2021-03-08,28.8799991607666,10658394.0,GPS,2,-,0.0,0.0,0.0,0.0,2021-03-09
2021-03-08,122.5199966430664,591781.0,GRMN,2,-,0.0,0.0,0.0,0.0,2021-03-09
2021-03-08,172.69000244140625,1331247.0,GD,3,Up,0.683261493841807,168.91968365613803,174.1974182235328,0.008729027510657423,2021-03-09
2021-03-08,14.170000076293945,140549760.0,GE,2,-,0.0,0.0,0.0,0.0,2021-03-09
2021-03-08,57.7599983215332,3171592.0,GIS,3,Up,0.7503519654273987,56.53355456441666,58.2999382973045,0.009347991541925102,2021-03-09
2021-03-08,54.97999954223633,23706244.0,GM,2,-,0.0,0.0,0.0,0.0,2021-03-09
2021-03-08,116.87000274658203,1350094.0,GPC,0,Down,0.7096808453400929,119.41177417341618,114.59701053790091,-0.019448893259717107,2021-03-09
2021-03-08,64.75,10278325.0,GILD,2,-,0.0,0.0,0.0,0.0,2021-03-09
2021-03-08,99.47000122070312,400493.0,GL,2,-,0.0,0.0,0.0,0.0,2021-03-09
2021-03-08,203.3300018310547,2075240.0,GPN,2,-,0.0,0.0,0.0,0.0,2021-03-09
2021-03-08,334.19000244140625,2627593.0,GS,3,Up,0.6776131192843119,328.07024259919746,340.0930477728069,0.01766374005289293,2021-03-09
2021-03-08,398.4800109863281,324747.0,GWW,3,Up,0.7228820323944092,390.4262817418005,402.58071934581807,0.01029087594466722,2021-03-09
2021-03-08,20.1200008392334,2630402.0,HRB,3,Up,0.6751570304234823,19.47501557470732,20.26379443130032,0.007146798512380228,2021-03-09
2021-03-08,24.360000610351562,13571665.0,HAL,3,Up,0.7053292393684387,23.586112962673884,25.06839410729367,0.029080192085097146,2021-03-09
2021-03-08,20.8799991607666,12035137.0,HBI,3,Up,0.7138318022092184,20.289461749700816,21.359766733217278,0.022977375083048722,2021-03-09
2021-03-08,54.790000915527344,2218917.0,HIG,2,-,0.0,0.0,0.0,0.0,2021-03-09
2021-03-08,97.29000091552734,694563.0,HAS,3,Up,0.7197841207186381,94.19257257623394,98.29147599171871,0.010293710214484428,2021-03-09
2021-03-08,189.2100067138672,2581111.0,HCA,3,Up,0.7081183989842733,185.11407992877983,191.1184945428459,0.010086611496530461,2021-03-09
2021-03-08,64.79000091552734,1007824.0,HSIC,2,-,0.0,0.0,0.0,0.0,2021-03-09
2021-03-08,151.7899932861328,964343.0,HSY,3,Up,0.7170445720354716,148.71586763954232,153.0430811319253,0.008255404843653641,2021-03-09
2021-03-08,73.77999877929688,1733018.0,HES,2,-,0.0,0.0,0.0,0.0,2021-03-09
2021-03-08,14.8100004196167,10067150.0,HPE,1,-,0.0,0.0,0.0,0.0,2021-03-09
2021-03-08,125.41000366210938,2298725.0,HLT,1,-,0.0,0.0,0.0,0.0,2021-03-09
2021-03-08,40.630001068115234,1512992.0,HFC,3,Up,0.6726602911949158,39.24396637378589,42.27522090392066,0.04049273424943436,2021-03-09
2021-03-08,70.91000366210938,1554449.0,HOLX,3,Up,0.7688665787378947,69.35233322349261,73.18127778619206,0.03203037662930392,2021-03-09
2021-03-08,259.0299987792969,4449285.0,HD,3,Up,0.7500393191973368,253.38842593566284,264.49016563055085,0.021079283777884875,2021-03-09
2021-03-08,207.6999969482422,2782816.0,HON,1,-,0.0,0.0,0.0,0.0,2021-03-09
2021-03-08,47.900001525878906,1328815.0,HRL,3,Up,0.7186997930208842,44.85608633666408,48.420010460115016,0.010856136068287258,2021-03-09
2021-03-08,16.440000534057617,5862730.0,HST,2,-,0.0,0.0,0.0,0.0,2021-03-09
2021-03-08,30.15999984741211,10760972.0,HPQ,2,-,0.0,0.0,0.0,0.0,2021-03-09
2021-03-08,401.07000732421875,951526.0,HUM,3,Up,0.711442252000173,390.8111792987648,404.5012421020516,0.00855520162358855,2021-03-09
2021-03-08,16.610000610351562,10698602.0,HBAN,0,Down,0.6860844393571217,16.99375546502452,16.243214177248046,-0.02208226487812,2021-03-09
2021-03-08,191.10000610351562,323494.0,HII,3,Up,0.7076581716537476,177.24258222248724,194.8480064747636,0.019612769500476832,2021-03-09
2021-03-08,186.60000610351562,480522.0,IT,2,-,0.0,0.0,0.0,0.0,2021-03-09
2021-03-08,198.74000549316406,366962.0,IEX,2,-,0.0,0.0,0.0,0.0,2021-03-09
2021-03-08,482.6000061035156,575211.0,IDXX,2,-,0.0,0.0,0.0,0.0,2021-03-09
2021-03-08,93.16999816894531,2586560.0,INFO,3,Up,0.7078172167142233,91.48392953719474,93.91730912040275,0.00802093985343154,2021-03-09
2021-03-08,213.39999389648438,809318.0,ITW,3,Up,0.6908742388089498,209.11968910465137,215.29450089576372,0.008877727523264763,2021-03-09
2021-03-08,383.6199951171875,887781.0,ILMN,3,Up,0.7549083431561788,372.2689777915733,400.2334135323278,0.04330696685939237,2021-03-09
2021-03-08,77.83999633789062,1146999.0,INCY,3,Up,0.7881684501965841,75.36951482832886,79.98618539129511,0.027571803113764646,2021-03-09
2021-03-08,50.54999923706055,6029123.0,IR,1,-,0.0,0.0,0.0,0.0,2021-03-09
2021-03-08,59.849998474121094,31411743.0,INTC,2,-,0.0,0.0,0.0,0.0,2021-03-09
2021-03-08,113.73999786376953,2159185.0,ICE,2,-,0.0,0.0,0.0,0.0,2021-03-09
2021-03-08,124.80999755859375,6882978.0,IBM,3,Up,0.6916283170382181,121.52303395599289,125.58633307259008,0.006220138844501346,2021-03-09
2021-03-08,55.70000076293945,5074040.0,IP,2,-,0.0,0.0,0.0,0.0,2021-03-09
2021-03-08,28.540000915527344,3048931.0,IPG,2,-,0.0,0.0,0.0,0.0,2021-03-09
2021-03-08,131.22999572753906,3218214.0,IFF,2,-,0.0,0.0,0.0,0.0,2021-03-09
2021-03-08,370.4200134277344,1594988.0,INTU,3,Up,0.7439505855242411,362.52431941898163,377.581501096866,0.019333425326730637,2021-03-09
2021-03-08,684.9000244140625,609881.0,ISRG,1,-,0.0,0.0,0.0,0.0,2021-03-09
2021-03-08,24.06999969482422,4807325.0,IVZ,3,Up,0.6940484245618185,23.521306001006838,24.432436165132362,0.015057601782441189,2021-03-09
2021-03-08,197.50999450683594,234305.0,IPGP,3,Up,0.7707645694414774,191.86034569178432,205.49965977083946,0.040451954261620945,2021-03-09
2021-03-08,187.8000030517578,764501.0,IQV,3,Up,0.7437138160069784,183.98159664596486,189.2144330519246,0.00753157602333464,2021-03-09
2021-03-08,36.56999969482422,2924373.0,IRM,3,Up,0.705072025458018,35.693635035471964,37.22900614196706,0.018020411611764816,2021-03-09
2021-03-08,151.0,567397.0,JKHY,2,-,0.0,0.0,0.0,0.0,2021-03-09
2021-03-08,118.25,609039.0,J,3,Up,0.7021098136901855,115.85506317287684,119.52520228682047,0.010783951685585446,2021-03-09
2021-03-08,159.38999938964844,990393.0,JBHT,1,-,0.0,0.0,0.0,0.0,2021-03-09
2021-03-08,157.39999389648438,5240512.0,JNJ,2,-,0.0,0.0,0.0,0.0,2021-03-09
2021-03-08,60.220001220703125,3881014.0,JCI,3,Up,0.717137853304545,59.29909455001205,61.432542522252085,0.020135192244600975,2021-03-09
2021-03-08,152.91000366210938,16364215.0,JPM,1,-,0.0,0.0,0.0,0.0,2021-03-09
2021-03-08,23.959999084472656,6677714.0,JNPR,3,Up,0.6947524348894755,23.33175872020996,24.328961042224993,0.015399080628155969,2021-03-09
2021-03-08,129.1699981689453,1693641.0,KMX,2,-,0.0,0.0,0.0,0.0,2021-03-09
2021-03-08,51.63999938964844,21597542.0,KO,3,Up,0.6797651251157125,50.50175320296274,51.918762575466424,0.005398202732625635,2021-03-09
2021-03-08,210.57000732421875,632025.0,KSU,2,-,0.0,0.0,0.0,0.0,2021-03-09
2021-03-08,59.380001068115234,2843365.0,K,3,Up,0.6828568776448568,57.8138879919156,59.82586641855335,0.007508678720410602,2021-03-09
2021-03-08,21.219999313354492,11549155.0,KEY,1,-,0.0,0.0,0.0,0.0,2021-03-09
2021-03-08,132.22999572753906,1008741.0,KEYS,3,Up,0.739201823870341,129.40096871571097,135.31031165128888,0.023295137436870464,2021-03-09
2021-03-08,133.14999389648438,1668637.0,KMB,2,-,0.0,0.0,0.0,0.0,2021-03-09
2021-03-08,19.600000381469727,3414520.0,KIM,3,Up,0.7079683144887289,19.049680049520465,20.216156119565113,0.031436516637923795,2021-03-09
2021-03-08,16.219999313354492,19895424.0,KMI,1,-,0.0,0.0,0.0,0.0,2021-03-09
2021-03-08,274.0400085449219,2131690.0,KLAC,3,Up,0.7627184391021729,267.3291828470623,282.52128268745753,0.030949036192083487,2021-03-09
2021-03-08,56.900001525878906,2240532.0,KSS,1,-,0.0,0.0,0.0,0.0,2021-03-09
2021-03-08,38.66999816894531,6313934.0,KHC,1,-,0.0,0.0,0.0,0.0,2021-03-09
2021-03-08,34.7400016784668,10857510.0,KR,2,-,0.0,0.0,0.0,0.0,2021-03-09
2021-03-08,49.709999084472656,1644503.0,LNT,2,-,0.0,0.0,0.0,0.0,2021-03-09
2021-03-08,55.2400016784668,2990314.0,LB,1,-,0.0,0.0,0.0,0.0,2021-03-09
2021-03-08,191.0399932861328,1149085.0,LHX,3,Up,0.7201610406239828,186.2660665984566,192.2022336538216,0.006083754232277585,2021-03-09
2021-03-08,240.57000732421875,551718.0,LH,3,Up,0.6947876612345377,235.91640698783007,243.57531304834438,0.012492437264115587,2021-03-09
2021-03-08,502.6099853515625,1855144.0,LRCX,2,-,0.0,0.0,0.0,0.0,2021-03-09
2021-03-08,84.30000305175781,687806.0,LW,0,Down,0.6745454967021942,86.64537435726669,82.9006835265985,-0.016599282022566136,2021-03-09
2021-03-08,63.2599983215332,4468590.0,LVS,3,Up,0.6743649840354919,61.47704687264691,65.15605954943395,0.029972514672915212,2021-03-09
2021-03-08,48.77000045776367,1593088.0,LEG,3,Up,0.6836980183919271,47.462324645001864,49.67618596169283,0.018580797527651096,2021-03-09
2021-03-08,92.0,637547.0,LDOS,2,-,0.0,0.0,0.0,0.0,2021-03-09
2021-03-08,88.12000274658203,1876962.0,LEN,1,-,0.0,0.0,0.0,0.0,2021-03-09
2021-03-08,207.02999877929688,2892527.0,LLY,3,Up,0.7134496370951334,202.54399009277884,208.1914054734109,0.005609847369762786,2021-03-09
2021-03-08,59.959999084472656,1650827.0,LNC,1,-,0.0,0.0,0.0,0.0,2021-03-09
2021-03-08,253.67999267578125,2204315.0,LIN,2,-,0.0,0.0,0.0,0.0,2021-03-09
2021-03-08,89.4000015258789,1575183.0,LYV,1,-,0.0,0.0,0.0,0.0,2021-03-09
2021-03-08,43.02000045776367,2073066.0,LKQ,2,-,0.0,0.0,0.0,0.0,2021-03-09
2021-03-08,341.45001220703125,1381948.0,LMT,1,-,0.0,0.0,0.0,0.0,2021-03-09
2021-03-08,50.20000076293945,1251461.0,L,3,Up,0.6936526894569397,48.973543164879665,50.654691146878726,0.009057577231651178,2021-03-09
2021-03-08,108.76000213623047,2261645.0,LYB,2,-,0.0,0.0,0.0,0.0,2021-03-09
2021-03-08,60.54999923706055,14845417.0,LUV,3,Up,0.6738826036453247,59.10955822369742,62.15230325677081,0.02646249446572319,2021-03-09
2021-03-08,183.77000427246094,2285392.0,MMM,2,-,0.0,0.0,0.0,0.0,2021-03-09
2021-03-08,46.900001525878906,15014533.0,MO,2,-,0.0,0.0,0.0,0.0,2021-03-09
2021-03-08,159.1699981689453,698884.0,MTB,1,-,0.0,0.0,0.0,0.0,2021-03-09
2021-03-08,12.380000114440918,32719729.0,MRO,3,Up,0.67682417233785,11.945527853541577,13.066450910071756,0.05544836747053922,2021-03-09
2021-03-08,57.15999984741211,6259980.0,MPC,2,-,0.0,0.0,0.0,0.0,2021-03-09
2021-03-08,512.969970703125,346854.0,MKTX,3,Up,0.6838963826497396,498.95184223301453,525.0364582239602,0.0235227951146841,2021-03-09
2021-03-08,150.44000244140625,2999205.0,MAR,0,Down,0.6962484220663707,154.06356957631627,145.3897533873324,-0.03356985490638246,2021-03-09
2021-03-08,117.3499984741211,1523613.0,MMC,1,-,0.0,0.0,0.0,0.0,2021-03-09
2021-03-08,334.1000061035156,424782.0,MLM,3,Up,0.7395702401796976,327.00311424495254,340.060014744431,0.017838995905521682,2021-03-09
2021-03-08,54.849998474121094,1509249.0,MAS,2,-,0.0,0.0,0.0,0.0,2021-03-09
2021-03-08,371.3299865722656,6882271.0,MA,3,Up,0.7036340236663818,362.99873043043124,377.47996622941974,0.016562033446111804,2021-03-09
2021-03-08,84.1500015258789,1232349.0,MKC,2,-,0.0,0.0,0.0,0.0,2021-03-09
2021-03-08,85.02999877929688,2219396.0,MXIM,3,Up,0.7445140282313029,83.2880148186917,86.79046283013616,0.020704034765527048,2021-03-09
2021-03-08,209.11000061035156,2782772.0,MCD,2,-,0.0,0.0,0.0,0.0,2021-03-09
2021-03-08,176.08999633789062,682412.0,MCK,2,-,0.0,0.0,0.0,0.0,2021-03-09
2021-03-08,116.66999816894531,3270926.0,MDT,2,-,0.0,0.0,0.0,0.0,2021-03-09
2021-03-08,74.16999816894531,13227266.0,MRK,3,Up,0.7175160447756449,72.39304155119666,74.69252400841904,0.00704497576342818,2021-03-09
2021-03-08,60.369998931884766,5679267.0,MET,3,Up,0.6786285638809204,59.15446418468142,61.37688318185016,0.016678553383800077,2021-03-09
2021-03-08,1038.469970703125,133811.0,MTD,3,Up,0.78035968542099,1017.0419963943428,1065.7093142224187,0.02623026595641513,2021-03-09
2021-03-08,37.849998474121094,9408306.0,MGM,3,Up,0.7320298353830973,35.50798490128581,38.5622124756128,0.018816751128237604,2021-03-09
2021-03-08,136.75,2176726.0,MCHP,3,Up,0.7194280823071798,133.3047307030235,140.2717682395617,0.02575333264761767,2021-03-09
2021-03-08,85.05000305175781,22297518.0,MU,3,Up,0.712345818678538,83.19507503268578,86.67251904696286,0.019077200905185828,2021-03-09
2021-03-08,227.38999938964844,34034869.0,MSFT,3,Up,0.7271909117698669,222.99730151985662,230.68598900753082,0.014494875002108047,2021-03-09
2021-03-08,134.22999572753906,563827.0,MAA,2,-,0.0,0.0,0.0,0.0,2021-03-09
2021-03-08,187.27000427246094,527145.0,MHK,1,-,0.0,0.0,0.0,0.0,2021-03-09
2021-03-08,55.150001525878906,10117437.0,MDLZ,2,-,0.0,0.0,0.0,0.0,2021-03-09
2021-03-08,85.13999938964844,2180070.0,MNST,2,-,0.0,0.0,0.0,0.0,2021-03-09
2021-03-08,289.4800109863281,1026629.0,MCO,3,Up,0.7037727236747742,283.0265100246479,291.2679936767456,0.006176532480862559,2021-03-09
2021-03-08,81.0999984741211,9173119.0,MS,2,-,0.0,0.0,0.0,0.0,2021-03-09
2021-03-08,30.700000762939453,4207840.0,MOS,2,-,0.0,0.0,0.0,0.0,2021-03-09
2021-03-08,179.2100067138672,501687.0,MSI,3,Up,0.7317871650060018,175.01786540847638,180.4423498146266,0.006876530632170602,2021-03-09
2021-03-08,402.6300048828125,561804.0,MSCI,3,Up,0.7204702496528625,393.7487616736437,408.2508614627689,0.013960351965304678,2021-03-09
2021-03-08,144.99000549316406,1730399.0,NDAQ,2,-,0.0,0.0,0.0,0.0,2021-03-09
2021-03-08,17.030000686645508,6489975.0,NOV,3,Up,0.6892337997754415,16.2310957467669,17.570850753334913,0.031758663821635974,2021-03-09
2021-03-08,62.59000015258789,2110761.0,NTAP,3,Up,0.7161257068316141,60.83943433303305,64.44963754985913,0.02971141384786132,2021-03-09
2021-03-08,493.3299865722656,3752205.0,NFLX,1,-,0.0,0.0,0.0,0.0,2021-03-09
2021-03-08,25.200000762939453,2358876.0,NWL,2,-,0.0,0.0,0.0,0.0,2021-03-09
2021-03-08,56.38999938964844,6197415.0,NEM,1,-,0.0,0.0,0.0,0.0,2021-03-09
2021-03-08,24.239999771118164,4333104.0,NWSA,3,Up,0.7163509527842203,23.858484439954864,24.59713482870327,0.014733294593947448,2021-03-09
2021-03-08,23.229999542236328,743406.0,NWS,2,-,0.0,0.0,0.0,0.0,2021-03-09
2021-03-08,70.86000061035156,9680477.0,NEE,2,-,0.0,0.0,0.0,0.0,2021-03-09
2021-03-08,26.260000228881836,5508140.0,NLSN,3,Up,0.7060194412867228,25.648072310865196,26.707479394422734,0.017040333649683007,2021-03-09
2021-03-08,134.55999755859375,4313369.0,NKE,3,Up,0.7461135586102804,132.13525902612244,136.64068813219214,0.015462920714548509,2021-03-09
2021-03-08,22.040000915527344,5520751.0,NI,2,-,0.0,0.0,0.0,0.0,2021-03-09
2021-03-08,259.2200012207031,876383.0,NSC,3,Up,0.6892420848210653,254.14344003007406,261.92186266097235,0.01042304385288863,2021-03-09
2021-03-08,101.61000061035156,947909.0,NTRS,3,Up,0.6986281077067057,99.04982737180987,102.35918122152634,0.0073730991701072696,2021-03-09
2021-03-08,305.6199951171875,991888.0,NOC,3,Up,0.7468017935752869,297.4926454375808,307.5131165878796,0.00619436391904334,2021-03-09
2021-03-08,20.969999313354492,12066029.0,NLOK,2,-,0.0,0.0,0.0,0.0,2021-03-09
2021-03-08,29.309999465942383,36770991.0,NCLH,0,Down,0.6869872808456421,30.73562075265675,27.77094755139071,-0.052509448740864696,2021-03-09
2021-03-08,41.630001068115234,3168519.0,NRG,3,Up,0.7117316126823425,40.60978536317853,42.67507503126562,0.025103865874046644,2021-03-09
2021-03-08,66.37000274658203,2847936.0,NUE,1,-,0.0,0.0,0.0,0.0,2021-03-09
2021-03-08,463.7300109863281,13281549.0,NVDA,2,-,0.0,0.0,0.0,0.0,2021-03-09
2021-03-08,4699.759765625,16449.0,NVR,1,-,0.0,0.0,0.0,0.0,2021-03-09
2021-03-08,464.04998779296875,1949059.0,NOW,2,-,0.0,0.0,0.0,0.0,2021-03-09
2021-03-08,472.8999938964844,638956.0,ORLY,3,Up,0.726606011390686,462.82201024343027,477.6196000186081,0.009980135722219587,2021-03-09
2021-03-08,29.770000457763672,22131002.0,OXY,3,Up,0.6809396942456564,28.374550625837013,30.67951052735324,0.030551227934307198,2021-03-09
2021-03-08,218.64999389648438,747583.0,ODFL,3,Up,0.742372473080953,214.82767124179674,220.92402917800143,0.010400344591793833,2021-03-09
2021-03-08,77.2699966430664,1947096.0,OMC,0,Down,0.6957684556643169,79.05356408778728,75.62966586722196,-0.021228560205866692,2021-03-09
2021-03-08,49.540000915527344,3283641.0,OKE,3,Up,0.6942792336146036,47.6770860792718,50.432383291496244,0.01801337019534041,2021-03-09
2021-03-08,72.16000366210938,21907086.0,ORCL,1,-,0.0,0.0,0.0,0.0,2021-03-09
2021-03-08,65.22000122070312,1589756.0,OTIS,3,Up,0.6910419265429179,63.68052616193918,65.75373328042569,0.008183564086673792,2021-03-09
2021-03-08,60.439998626708984,3458574.0,O,2,-,0.0,0.0,0.0,0.0,2021-03-09
2021-03-08,30.239999771118164,2335503.0,PEAK,3,Up,0.72435994942983,29.356087014703558,30.541760342724917,0.00997885495670404,2021-03-09
2021-03-08,93.44000244140625,1606406.0,PCAR,3,Up,0.7207980354626974,91.54405262725622,94.6279519636047,0.01271350054751315,2021-03-09
2021-03-08,138.42999267578125,726061.0,PKG,2,-,0.0,0.0,0.0,0.0,2021-03-09
2021-03-08,298.80999755859375,1288649.0,PH,3,Up,0.6954134702682495,292.98905869868895,304.08492969378767,0.01765313134865768,2021-03-09
2021-03-08,93.19999694824219,1866334.0,PAYX,2,-,0.0,0.0,0.0,0.0,2021-03-09
2021-03-08,366.2300109863281,495015.0,PAYC,1,-,0.0,0.0,0.0,0.0,2021-03-09
2021-03-08,226.08999633789062,13110592.0,PYPL,3,Up,0.7281360427538554,221.24802320501752,236.76685297714764,0.0472239232703622,2021-03-09
2021-03-08,59.900001525878906,1085258.0,PNR,2,-,0.0,0.0,0.0,0.0,2021-03-09
2021-03-08,18.75,5788807.0,PBCT,2,-,0.0,0.0,0.0,0.0,2021-03-09
2021-03-08,132.1300048828125,8245335.0,PEP,3,Up,0.684774378935496,129.4362294157685,133.76005242615219,0.012336694793778144,2021-03-09
2021-03-08,121.55999755859375,855556.0,PKI,3,Up,0.7197510997454325,113.08629408129104,126.53759939673331,0.04094769610159199,2021-03-09
2021-03-08,41.81999969482422,1249793.0,PRGO,3,Up,0.7197607556978861,40.232118588013115,42.611582921126626,0.018928341274004667,2021-03-09
2021-03-08,34.349998474121094,21101912.0,PFE,3,Up,0.7092020908991495,33.53136192045718,34.581162122998705,0.006729655288100364,2021-03-09
2021-03-08,86.36000061035156,3191451.0,PM,3,Up,0.6918138662974039,84.34900733809897,86.76832951410053,0.004728217934959396,2021-03-09
2021-03-08,88.47000122070312,2473422.0,PSX,1,-,0.0,0.0,0.0,0.0,2021-03-09
2021-03-08,78.25,1102973.0,PNW,2,-,0.0,0.0,0.0,0.0,2021-03-09
2021-03-08,162.08999633789062,2358782.0,PXD,1,-,0.0,0.0,0.0,0.0,2021-03-09
2021-03-08,178.82000732421875,1958056.0,PNC,1,-,0.0,0.0,0.0,0.0,2021-03-09
2021-03-08,146.10000610351562,1410958.0,PPG,3,Up,0.7226907809575399,143.31480407013052,147.51577513001982,0.009690410454199917,2021-03-09
2021-03-08,28.309999465942383,8190748.0,PPL,3,Up,0.6883867780367533,27.438342710782063,28.57212277830166,0.009259036287677117,2021-03-09
2021-03-08,60.15999984741211,1807523.0,PFG,2,-,0.0,0.0,0.0,0.0,2021-03-09
2021-03-08,127.30999755859375,7873907.0,PG,2,-,0.0,0.0,0.0,0.0,2021-03-09
2021-03-08,91.0199966430664,3076652.0,PGR,3,Up,0.7022430300712585,88.92603155132582,91.79393105511869,0.008502905302087103,2021-03-09
2021-03-08,95.94999694824219,3085280.0,PLD,2,-,0.0,0.0,0.0,0.0,2021-03-09
2021-03-08,92.72000122070312,2918374.0,PRU,1,-,0.0,0.0,0.0,0.0,2021-03-09
2021-03-08,57.099998474121094,2063818.0,PEG,2,-,0.0,0.0,0.0,0.0,2021-03-09
2021-03-08,238.64999389648438,536367.0,PSA,2,-,0.0,0.0,0.0,0.0,2021-03-09
2021-03-08,47.40999984741211,2215812.0,PHM,3,Up,0.7284879088401794,46.16691733820808,48.31546639130775,0.019098640514867416,2021-03-09
2021-03-08,106.75,1200707.0,PVH,3,Up,0.7097395261128744,103.47403868165648,108.8084648704628,0.019283043283023913,2021-03-09
2021-03-08,83.33999633789062,1255808.0,PWR,3,Up,0.6700341502825419,82.06995978594553,85.13019496813705,0.021480666053647315,2021-03-09
2021-03-08,162.89999389648438,1146933.0,QRVO,2,-,0.0,0.0,0.0,0.0,2021-03-09
2021-03-08,123.19999694824219,14776685.0,QCOM,2,-,0.0,0.0,0.0,0.0,2021-03-09
2021-03-08,251.0399932861328,236035.0,RE,1,-,0.0,0.0,0.0,0.0,2021-03-09
2021-03-08,126.55000305175781,1171392.0,RL,0,Down,0.7137789328893025,129.93023123133898,124.06567690188776,-0.019631182062113395,2021-03-09
2021-03-08,117.5999984741211,721055.0,RJF,0,Down,0.6817811230818431,120.02854787763638,115.97575236208299,-0.013811616778171483,2021-03-09
2021-03-08,75.61000061035156,6143791.0,RTX,2,-,0.0,0.0,0.0,0.0,2021-03-09
2021-03-08,59.18000030517578,804814.0,REG,2,-,0.0,0.0,0.0,0.0,2021-03-09
2021-03-08,463.19000244140625,983782.0,REGN,0,Down,0.7106922070185344,476.57171145643804,455.3209875550806,-0.01698874078639266,2021-03-09
2021-03-08,21.31999969482422,13033269.0,RF,3,Up,0.6867912411689758,20.853765112744743,21.72620771432296,0.019052909254841897,2021-03-09
2021-03-08,95.63999938964844,1346737.0,RSG,3,Up,0.7493677934010824,93.79242040814762,97.05702898974667,0.01481628616835404,2021-03-09
2021-03-08,179.4600067138672,687004.0,RMD,3,Up,0.6883983810742696,162.98732198094223,182.774694230583,0.018470340982438514,2021-03-09
2021-03-08,77.20999908447266,968679.0,RHI,1,-,0.0,0.0,0.0,0.0,2021-03-09
2021-03-08,257.8699951171875,659215.0,ROK,2,-,0.0,0.0,0.0,0.0,2021-03-09
2021-03-08,32.4900016784668,1057234.0,ROL,2,-,0.0,0.0,0.0,0.0,2021-03-09
2021-03-08,385.3800048828125,664377.0,ROP,2,-,0.0,0.0,0.0,0.0,2021-03-09
2021-03-08,120.37000274658203,3689842.0,ROST,2,-,0.0,0.0,0.0,0.0,2021-03-09
2021-03-08,87.91000366210938,4642216.0,RCL,2,-,0.0,0.0,0.0,0.0,2021-03-09
2021-03-08,64.45999908447266,6124172.0,SCHW,2,-,0.0,0.0,0.0,0.0,2021-03-09
2021-03-08,220.6300048828125,948828.0,STZ,1,-,0.0,0.0,0.0,0.0,2021-03-09
2021-03-08,119.7699966430664,1115190.0,SJM,3,Up,0.7011032303174337,117.04444710884026,120.73939919728649,0.00809386809209871,2021-03-09
2021-03-08,342.7200012207031,1641462.0,SPGI,2,-,0.0,0.0,0.0,0.0,2021-03-09
2021-03-08,242.82000732421875,959218.0,SBAC,3,Up,0.6924486756324768,235.54318091903525,247.77355906821492,0.0204000971690199,2021-03-09
2021-03-08,29.709999084472656,14781476.0,SLB,3,Up,0.6814334193865458,28.597991794175257,30.334176887930898,0.021009014563869652,2021-03-09
2021-03-08,74.55999755859375,4018440.0,STX,2,-,0.0,0.0,0.0,0.0,2021-03-09
2021-03-08,45.61000061035156,1055522.0,SEE,3,Up,0.7312027414639791,44.54532334215453,46.12433826492633,0.011276861383291323,2021-03-09
2021-03-08,122.91000366210938,1506873.0,SRE,3,Up,0.7360686461130778,119.59714297551787,124.67576369087978,0.014366284079078114,2021-03-09
2021-03-08,688.1099853515625,648163.0,SHW,3,Up,0.6944790085156759,674.0518935593615,698.3432241786535,0.014871516247308538,2021-03-09
2021-03-08,111.69999694824219,3360851.0,SPG,2,-,0.0,0.0,0.0,0.0,2021-03-09
2021-03-08,161.1999969482422,3154871.0,SWKS,3,Up,0.7668577035268148,157.3267374648263,165.52277983763616,0.026816271533689432,2021-03-09
2021-03-08,75.7699966430664,967239.0,SLG,1,-,0.0,0.0,0.0,0.0,2021-03-09
2021-03-08,218.22999572753906,445189.0,SNA,2,-,0.0,0.0,0.0,0.0,2021-03-09
2021-03-08,59.61000061035156,6465784.0,SO,3,Up,0.6947082678476969,58.18970723894063,60.260565307433474,0.01091368378494762,2021-03-09
2021-03-08,186.60000610351562,921940.0,SWK,1,-,0.0,0.0,0.0,0.0,2021-03-09
2021-03-08,105.02999877929688,4809641.0,SBUX,3,Up,0.6943036119143168,102.85480668167827,105.87035025695556,0.00800106148172525,2021-03-09
2021-03-08,80.5,2018355.0,STT,3,Up,0.700060506661733,78.34820565223401,82.23767991984465,0.02158608596080319,2021-03-09
2021-03-08,172.64999389648438,964827.0,STE,2,-,0.0,0.0,0.0,0.0,2021-03-09
2021-03-08,236.0,868437.0,SYK,2,-,0.0,0.0,0.0,0.0,2021-03-09
2021-03-08,511.1499938964844,510550.0,SIVB,3,Up,0.7697295149167379,502.0690723515898,517.8841531596296,0.01317452674079258,2021-03-09
2021-03-08,40.63999938964844,7765834.0,SYF,3,Up,0.7009871403376261,39.70458361151117,41.2450761873324,0.014888700954018336,2021-03-09
2021-03-08,218.49000549316406,1284714.0,SNPS,3,Up,0.7277655204137167,213.79125363832665,229.5224007144306,0.05049382097073409,2021-03-09
2021-03-08,81.69999694824219,2661357.0,SYY,1,-,0.0,0.0,0.0,0.0,2021-03-09
2021-03-08,29.989999771118164,48752682.0,T,2,-,0.0,0.0,0.0,0.0,2021-03-09
2021-03-08,47.66999816894531,2539388.0,TAP,3,Up,0.7459065318107605,46.14387988187322,48.46736261368719,0.01672675635346103,2021-03-09
2021-03-08,127.05999755859375,7114150.0,TMUS,2,-,0.0,0.0,0.0,0.0,2021-03-09
2021-03-08,173.5,1162881.0,TROW,2,-,0.0,0.0,0.0,0.0,2021-03-09
2021-03-08,161.6199951171875,2508180.0,TTWO,2,-,0.0,0.0,0.0,0.0,2021-03-09
2021-03-08,43.95000076293945,4818771.0,TPR,1,-,0.0,0.0,0.0,0.0,2021-03-09
2021-03-08,176.8699951171875,4130106.0,TGT,3,Up,0.7035720547040304,173.464682782925,180.8200984932243,0.02233337188379293,2021-03-09
2021-03-08,127.1500015258789,1070379.0,TEL,3,Up,0.7123848001162211,124.69463285703559,128.2958926320902,0.009012120271017447,2021-03-09
2021-03-08,390.1300048828125,292102.0,TDY,2,-,0.0,0.0,0.0,0.0,2021-03-09
2021-03-08,400.3500061035156,195467.0,TFX,3,Up,0.7131165862083435,391.39723092420616,403.0723714301342,0.006799963244947806,2021-03-09
2021-03-08,162.11000061035156,5535240.0,TXN,3,Up,0.7540083130200704,158.72828834273562,164.7200369091131,0.01610040274464639,2021-03-09
2021-03-08,52.119998931884766,893828.0,TXT,2,-,0.0,0.0,0.0,0.0,2021-03-09
2021-03-08,439.8500061035156,1532180.0,TMO,3,Up,0.8016002575556437,431.1628135549533,450.89788459523123,0.025117377147689735,2021-03-09
2021-03-08,65.18000030517578,11276648.0,TJX,3,Up,0.683458169301351,63.62499570260281,66.33338852157264,0.01769543128255046,2021-03-09
2021-03-08,161.0,1188771.0,TSCO,2,-,0.0,0.0,0.0,0.0,2021-03-09
2021-03-08,163.72999572753906,1089750.0,TT,2,-,0.0,0.0,0.0,0.0,2021-03-09
2021-03-08,606.2999877929688,250175.0,TDG,1,-,0.0,0.0,0.0,0.0,2021-03-09
2021-03-08,155.75,1162309.0,TRV,3,Up,0.6831364631652832,152.63105595839338,157.03913032986796,0.008276920255974077,2021-03-09
2021-03-08,59.709999084472656,5967261.0,TFC,1,-,0.0,0.0,0.0,0.0,2021-03-09
2021-03-08,63.47999954223633,19604759.0,TWTR,2,-,0.0,0.0,0.0,0.0,2021-03-09
2021-03-08,398.2799987792969,380007.0,TYL,3,Up,0.707957923412323,390.09337701467524,412.8448893940564,0.036569475392688594,2021-03-09
2021-03-08,73.69000244140625,2800744.0,TSN,2,-,0.0,0.0,0.0,0.0,2021-03-09
2021-03-08,43.45000076293945,1978133.0,UDR,2,-,0.0,0.0,0.0,0.0,2021-03-09
2021-03-08,345.7699890136719,1115247.0,ULTA,1,-,0.0,0.0,0.0,0.0,2021-03-09
2021-03-08,54.04999923706055,9684650.0,USB,2,-,0.0,0.0,0.0,0.0,2021-03-09
2021-03-08,22.93000030517578,6147215.0,UAA,3,Up,0.7037948369979858,22.186325366404606,23.271594429927383,0.014897257749904918,2021-03-09
2021-03-08,19.110000610351562,4039116.0,UA,3,Up,0.7121173540751139,18.45873200788365,19.347451196726198,0.012425461998468633,2021-03-09
2021-03-08,210.88999938964844,2484787.0,UNP,2,-,0.0,0.0,0.0,0.0,2021-03-09
2021-03-08,54.060001373291016,17427182.0,UAL,2,-,0.0,0.0,0.0,0.0,2021-03-09
2021-03-08,350.1700134277344,3359191.0,UNH,2,-,0.0,0.0,0.0,0.0,2021-03-09
2021-03-08,160.8699951171875,2800026.0,UPS,2,-,0.0,0.0,0.0,0.0,2021-03-09
2021-03-08,302.6000061035156,769468.0,URI,2,-,0.0,0.0,0.0,0.0,2021-03-09
2021-03-08,134.5800018310547,409966.0,UHS,3,Up,0.7048770189285278,130.80153067323326,136.13792432873615,0.011576181278680597,2021-03-09
2021-03-08,29.440000534057617,2663008.0,UNM,2,-,0.0,0.0,0.0,0.0,2021-03-09
2021-03-08,81.5,2841450.0,VFC,2,-,0.0,0.0,0.0,0.0,2021-03-09
2021-03-08,80.55999755859375,4706014.0,VLO,0,Down,0.6891959706942241,83.11024011175806,77.60477577064451,-0.03668348904553797,2021-03-09
2021-03-08,175.80999755859375,598747.0,VAR,2,-,0.0,0.0,0.0,0.0,2021-03-09
2021-03-08,56.83000183105469,2029711.0,VTR,1,-,0.0,0.0,0.0,0.0,2021-03-09
2021-03-08,188.85000610351562,560260.0,VRSN,2,-,0.0,0.0,0.0,0.0,2021-03-09
2021-03-08,171.64999389648438,1960380.0,VRSK,0,Down,0.7153157790501912,175.47608879464852,165.6756769520222,-0.034805226664121315,2021-03-09
2021-03-08,56.790000915527344,22770201.0,VZ,3,Up,0.6732029318809509,55.780739132701136,57.29209516635461,0.008841243929087372,2021-03-09
2021-03-08,213.5800018310547,3206149.0,VRTX,1,-,0.0,0.0,0.0,0.0,2021-03-09
2021-03-08,83.66000366210938,20617522.0,VIAC,0,Down,0.6832423011461894,85.16617020747285,80.06284258494966,-0.04299738130168061,2021-03-09
2021-03-08,220.27000427246094,11309620.0,V,2,-,0.0,0.0,0.0,0.0,2021-03-09
2021-03-08,47.86000061035156,1770267.0,VNO,2,-,0.0,0.0,0.0,0.0,2021-03-09
2021-03-08,169.10000610351562,651535.0,VMC,2,-,0.0,0.0,0.0,0.0,2021-03-09
2021-03-08,74.68000030517578,407032.0,WRB,1,-,0.0,0.0,0.0,0.0,2021-03-09
2021-03-08,74.37000274658203,3422518.0,WAB,3,Up,0.6861311992009481,72.04488119679736,76.2737406132135,0.025598195459512276,2021-03-09
2021-03-08,127.87999725341797,12326945.0,WMT,2,-,0.0,0.0,0.0,0.0,2021-03-09
2021-03-08,48.47999954223633,4982259.0,WBA,3,Up,0.7421351472536722,46.891958914059465,49.08067003916921,0.012390068123032363,2021-03-09
2021-03-08,121.7300033569336,2806037.0,WM,3,Up,0.6843179861704508,119.47847080468554,123.08708063044718,0.011148256272813812,2021-03-09
2021-03-08,264.6700134277344,214429.0,WAT,3,Up,0.7466033498446146,258.6862516432861,268.26546303538004,0.013584650414609076,2021-03-09
2021-03-08,86.33000183105469,1227313.0,WEC,2,-,0.0,0.0,0.0,0.0,2021-03-09
2021-03-08,38.66999816894531,34907057.0,WFC,1,-,0.0,0.0,0.0,0.0,2021-03-09
2021-03-08,72.2300033569336,1540903.0,WELL,1,-,0.0,0.0,0.0,0.0,2021-03-09
2021-03-08,261.3500061035156,375708.0,WST,3,Up,0.7505567073822021,256.0677652155702,267.53168434496274,0.023652871999546323,2021-03-09
2021-03-08,68.86000061035156,6730989.0,WDC,3,Up,0.6958497961362203,66.61860723225851,70.43044461026462,0.022806331484071556,2021-03-09
2021-03-08,25.110000610351562,6678493.0,WU,2,-,0.0,0.0,0.0,0.0,2021-03-09
2021-03-08,34.040000915527344,3329342.0,WY,2,-,0.0,0.0,0.0,0.0,2021-03-09
2021-03-08,201.99000549316406,884695.0,WHR,3,Up,0.6765597065289816,197.2601795915806,204.05832144552613,0.01023969452009374,2021-03-09
2021-03-08,24.1200008392334,10241654.0,WMB,1,-,0.0,0.0,0.0,0.0,2021-03-09
2021-03-08,225.22999572753906,606867.0,WLTW,3,Up,0.7119629979133606,220.3950272711837,226.43358339096528,0.0053438160380831715,2021-03-09
2021-03-08,133.74000549316406,1925194.0,WYNN,2,-,0.0,0.0,0.0,0.0,2021-03-09
2021-03-08,61.900001525878906,2463356.0,XRAY,2,-,0.0,0.0,0.0,0.0,2021-03-09
2021-03-08,60.869998931884766,34794948.0,XOM,1,-,0.0,0.0,0.0,0.0,2021-03-09
2021-03-08,61.959999084472656,4890796.0,XEL,3,Up,0.7066837549209595,60.53756038559036,62.662751698124566,0.011342037185859452,2021-03-09
2021-03-08,26.700000762939453,1710488.0,XRX,1,-,0.0,0.0,0.0,0.0,2021-03-09
2021-03-08,112.08999633789062,2424913.0,XLNX,2,-,0.0,0.0,0.0,0.0,2021-03-09
2021-03-08,100.91999816894531,539452.0,XYL,2,-,0.0,0.0,0.0,0.0,2021-03-09
2021-03-08,104.13999938964844,1570425.0,YUM,3,Up,0.7078788677851359,101.92073162930836,104.51964635080303,0.003645544107736312,2021-03-09
2021-03-08,460.6400146484375,329872.0,ZBRA,3,Up,0.6791365544001261,451.97107921937777,474.0281604803282,0.02906422674137114,2021-03-09
2021-03-08,156.5,1970096.0,ZBH,3,Up,0.7070969740549723,152.86255062599434,157.7490495405237,0.007981147223793629,2021-03-09
2021-03-08,57.619998931884766,1405953.0,ZION,1,-,0.0,0.0,0.0,0.0,2021-03-09
2021-03-08,145.14999389648438,1991164.0,ZTS,3,Up,0.7568748593330383,141.98791261841544,148.8297145350152,0.025351159443761852,2021-03-09
2021-03-08,563.0,50780920.0,TSLA,3,Up,0.70606396595637,546.1992466125511,605.6376349766795,0.0757329218058249,2021-03-09
2021-03-08,22.420000076293945,18749120.0,TLRY,3,Up,0.7338447570800781,19.535779305449875,27.127732534788446,0.20997914551625171,2021-03-09
2021-03-08,9.609999656677246,9684308.0,ACB,3,Up,0.7258402307828268,6.980617315459268,10.782563061551908,0.12201492682259749,2021-03-09
2021-03-08,6.489999771118164,2512965.0,HEXO,2,-,0.0,0.0,0.0,0.0,2021-03-09
2021-03-08,381.7200012207031,110772382.0,SPY,3,Up,0.7277390956878662,375.82561894171937,384.09022692249937,0.006209330646066537,2021-03-09
2021-03-08,232.67999267578125,11188820.0,BIDU,3,Up,0.7298511664072672,226.25283491077315,245.86825394170222,0.0566798250002424,2021-03-09
2021-03-08,320.5899963378906,2588555.0,TWLO,3,Up,0.7282924850781759,311.92217881953667,337.65839318958996,0.05324057845432538,2021-03-09
2021-03-08,24.709999084472656,28491694.0,RKT,3,Up,0.6929059028625488,22.51185485501475,27.221656456916307,0.10164538508712175,2021-03-09
2021-03-08,38.11000061035156,25834449.0,PLUG,3,Up,0.777449349562327,36.56796584109297,42.77387073940719,0.12237916699977196,2021-03-09
